type_projet,surface_m2,budget,localisation,categorie_produit,type_produit,marque,prix_unitaire,qualite,popularite,quantite,prix_total,score_global
renovation,409,178958,Tataouine,isolation,laine_roche,LocalIso,15.26,4,81,256,3906.56,100.0
immeuble,132,93683,Gafsa,quincaillerie,boulon,Fischer,2.41,4,80,55,132.55,100.0
renovation,222,145164,Sfax,plomberie,siphon,Geberit,8.31,5,70,5,41.55,100.0
renovation,358,231339,Ben Arous,maconnerie,parpaing,Sibline,3.7,4,59,1057,3910.9,97.33
immeuble,228,300000,Siliana,etancheite,bitume,LocalBitume,41.64,4,66,5,208.2,95.64
maison,113,90524,Tunis,maconnerie,ciment,Holcim,16.43,4,69,58,952.94,99.06
maison,467,300000,Monastir,quincaillerie,boulon,Rawlplug,1.39,4,69,170,236.3,100.0
renovation,103,68610,Tozeur,etancheite,silicone,LocalSil,12.72,2,40,2,25.44,50.73
immeuble,112,128342,Manouba,quincaillerie,boulon,LocalBoul,1.98,3,65,64,126.72,79.3
immeuble,448,300000,Monastir,maconnerie,ciment,Holcim,18.43,3,50,206,3796.58,73.16
maison,104,59155,Siliana,plomberie,tuyau,Pipelife,5.53,4,62,68,376.04,98.05
maison,170,151012,Gafsa,isolation,laine_verre,Isover,23.41,4,48,152,3558.32,92.06
renovation,159,93694,Ariana,etancheite,bitume,Bostik,57.87,4,58,6,347.22,91.61
renovation,149,101857,Medenine,peinture,peinture_murale,Jotun,103.76,5,77,25,2594.0,100.0
immeuble,166,224638,Medenine,maconnerie,sable,Sibline,31.73,4,71,28,888.44,98.13
renovation,436,247847,Medenine,maconnerie,parpaing,Sibline,3.32,5,63,839,2785.48,100.0
immeuble,362,300000,Tunis,menuiserie,porte,MenuiserieTunis,425.86,4,53,13,5536.18,53.31
renovation,336,140288,Sousse,quincaillerie,cheville,Rawlplug,1.33,4,60,505,671.65,97.87
maison,275,188650,Kasserine,maconnerie,parpaing,Sibline,4.08,5,69,589,2403.12,100.0
renovation,492,140581,Tozeur,maconnerie,brique,BriqueLocal,0.89,3,60,4270,3800.3,77.91
immeuble,164,130952,Mahdia,maconnerie,ciment,LocalCement,18.66,2,33,61,1138.26,48.03
renovation,276,181961,Kef,plomberie,raccord,GF,7.82,4,70,5,39.1,100.0
immeuble,162,98019,Bizerte,peinture,pinceau,LocalTool,20.17,2,30,7,141.19,46.98
renovation,337,254041,Zaghouan,plomberie,tuyau,LocalPlomb,10.32,3,46,173,1785.36,72.77
immeuble,120,103304,Kairouan,maconnerie,gravier,GraviereTunis,56.92,3,37,29,1650.68,65.41
immeuble,210,198172,Kef,peinture,peinture_murale,Ripolin,137.69,4,46,28,3855.32,80.03
immeuble,343,284967,Manouba,electricite,interrupteur,LocalElec,5.11,4,83,104,531.44,100.0
renovation,411,238804,Tunis,maconnerie,gravier,LocalStone,68.02,3,36,63,4285.26,64.0
maison,92,68218,Kasserine,electricite,tableau_electrique,Schneider,214.63,4,73,3,643.89,80.44
maison,412,222899,Zaghouan,peinture,peinture_murale,LocalPaint,129.78,4,56,78,10122.84,83.82
maison,383,198822,Kasserine,maconnerie,parpaing,ParpaingPro,2.75,5,69,626,1721.5,100.0
immeuble,355,300000,Kairouan,peinture,pinceau,LocalTool,14.78,5,84,2,29.56,100.0
immeuble,297,300000,Bizerte,electricite,interrupteur,Legrand,22.49,4,74,49,1102.01,99.95
maison,281,145168,Mahdia,quincaillerie,vis,Rawlplug,0.94,4,43,299,281.06,92.81
maison,220,165559,Zaghouan,plomberie,chauffe_eau,Ariston,334.5,4,74,2,669.0,68.75
maison,157,94217,Kasserine,maconnerie,ciment,Sibline,19.77,4,49,62,1225.74,92.72
maison,497,217138,Ben Arous,plomberie,raccord,Pipelife,27.35,4,65,7,191.45,96.76
maison,462,300000,Kairouan,etancheite,bitume,Sika,34.43,4,92,2,68.86,100.0
immeuble,64,52829,Jendouba,peinture,pinceau,LocalTool,23.58,3,49,5,117.9,72.34
immeuble,298,219810,Gafsa,maconnerie,sable,LocalSand,27.15,5,77,79,2144.85,100.0
maison,56,24510,Kasserine,maconnerie,gravier,GraviereTunis,69.59,2,24,8,556.72,40.24
maison,480,300000,Tunis,maconnerie,sable,LocalSand,30.03,4,69,129,3873.87,97.7
immeuble,407,300000,Tozeur,peinture,pinceau,OutilTunis,17.25,4,56,5,86.25,95.08
renovation,91,53735,Tunis,peinture,vernis,LocalVernis,64.21,3,32,11,706.31,63.18
immeuble,272,261999,Kairouan,plomberie,tuyau,LocalPlomb,5.56,3,63,128,711.68,78.34
maison,488,300000,Gabes,plomberie,siphon,Geberit,15.52,4,72,5,77.6,100.0
maison,277,206419,Nabeul,quincaillerie,cheville,Fischer,1.2,4,63,499,598.8,98.78
renovation,292,155571,Tozeur,etancheite,bitume,Sika,23.37,5,91,6,140.22,100.0
immeuble,290,213948,Sfax,isolation,laine_verre,Isover,13.08,4,73,272,3557.76,100.0
maison,266,184098,Gafsa,electricite,cable,LocalCable,4.71,3,60,371,1747.41,77.53
maison,95,45260,Tozeur,quincaillerie,cheville,Fischer,0.68,3,65,105,71.4,79.43
immeuble,309,300000,Gafsa,maconnerie,brique,SOTEMAIL,1.17,5,57,2876,3364.92,100.0
renovation,139,81669,Tunis,electricite,tableau_electrique,Schneider,140.75,4,61,2,281.5,84.22
immeuble,195,220330,Sfax,quincaillerie,vis,Fischer,0.73,5,78,340,248.2,100.0
renovation,473,123746,Mahdia,etancheite,hydrofuge,Sika,23.11,4,86,2,46.22,100.0
immeuble,459,300000,Sidi Bouzid,etancheite,hydrofuge,LocalHyd,39.05,4,53,5,195.25,92.0
immeuble,295,300000,Gabes,revetement,joint,LocalJoint,11.93,4,70,30,357.9,99.81
immeuble,389,300000,Tunis,menuiserie,fenetre,FenetrePro,646.71,4,61,20,12934.2,33.63
renovation,409,119396,Beja,quincaillerie,clou,LocalClou,0.32,2,43,416,133.12,52.87
immeuble,152,133012,Bizerte,peinture,vernis,Ripolin,25.64,4,60,16,410.24,95.44
maison,466,300000,Zaghouan,maconnerie,parpaing,LocalBlock,2.97,5,76,1014,3011.58,100.0
immeuble,134,160806,Gafsa,isolation,polystyrene,LocalPoly,16.34,3,55,102,1666.68,74.87
renovation,466,218355,Kasserine,plomberie,tuyau,LocalPlomb,6.07,4,66,191,1159.37,99.19
maison,483,229102,Gafsa,revetement,faience,LocalFaien,82.26,4,50,388,31916.88,86.77
maison,331,194913,Kairouan,etancheite,silicone,Bostik,11.28,4,69,4,45.12,99.57
maison,200,87550,Ben Arous,electricite,disjoncteur,Siemens,61.02,3,50,3,183.06,68.9
maison,298,157029,Tozeur,etancheite,bitume,Sika,59.3,4,73,3,177.9,95.97
renovation,484,240852,Kef,isolation,mousse_isolante,Knauf,18.38,3,59,104,1911.52,75.86
immeuble,460,300000,Ariana,plomberie,raccord,Pipelife,19.35,4,67,9,174.15,98.16
maison,441,283878,Kef,isolation,mousse_isolante,Sika,48.04,5,79,63,3026.52,100.0
immeuble,287,197698,Bizerte,revetement,marbre,SOTEMAIL,204.53,4,47,304,62177.12,73.65
immeuble,111,179183,Mahdia,electricite,interrupteur,Legrand,21.74,4,52,31,673.94,93.43
renovation,133,52427,Tataouine,plomberie,chauffe_eau,Ariston,1214.24,4,42,2,2428.48,0.0
maison,171,114556,Gabes,plomberie,raccord,LocalPlomb,31.54,3,40,6,189.24,68.85
maison,273,203166,Zaghouan,quincaillerie,cheville,LocalChev,1.23,4,58,284,349.32,97.28
maison,406,300000,Kasserine,etancheite,silicone,LocalSil,20.14,3,52,4,80.56,73.59
maison,352,148573,Kairouan,maconnerie,sable,LocalSand,34.16,3,49,48,1639.68,71.28
maison,263,218558,Monastir,plomberie,robinet,LocalRobi,110.14,3,45,2,220.28,62.49
renovation,232,143598,Manouba,quincaillerie,clou,Fischer,0.44,5,84,261,114.84,100.0
renovation,444,286035,Ben Arous,isolation,laine_roche,Rockwool,44.56,5,62,484,21567.04,100.0
maison,201,132913,Tunis,etancheite,membrane_etanche,LocalMemb,33.11,3,56,179,5926.69,73.49
renovation,242,120349,Beja,plomberie,robinet,Grohe,134.44,5,77,5,672.2,100.0
maison,385,166509,Mahdia,menuiserie,serrure,LocalSerr,34.2,4,78,2,68.4,99.98
maison,76,67225,Kasserine,maconnerie,brique,BriqueLocal,0.76,2,46,1138,864.88,53.72
maison,150,100273,Nabeul,peinture,pinceau,PaintPro,13.45,3,59,2,26.9,76.36
immeuble,415,300000,Ariana,etancheite,hydrofuge,LocalHyd,14.57,5,94,2,29.14,100.0
immeuble,273,292602,Ben Arous,etancheite,hydrofuge,Weber,40.99,5,58,3,122.97,100.0
maison,200,103869,Tataouine,electricite,interrupteur,LocalElec,17.31,3,42,53,917.43,70.87
renovation,153,65431,Ariana,etancheite,membrane_etanche,Sika,28.72,4,66,134,3848.48,96.93
maison,401,181849,Monastir,quincaillerie,boulon,Rawlplug,2.57,5,64,245,629.65,100.0
renovation,125,83879,Gafsa,maconnerie,sable,CarriereTunis,60.45,3,42,28,1692.6,66.55
renovation,79,43932,Gabes,peinture,vernis,LocalVernis,43.97,2,49,5,219.85,50.3
immeuble,398,267513,Ben Arous,maconnerie,parpaing,ParpaingPro,4.44,4,44,1184,5256.96,92.76
immeuble,153,94933,Kebili,peinture,vernis,LocalVernis,41.42,2,38,9,372.78,47.26
immeuble,393,300000,Tataouine,etancheite,hydrofuge,Weber,38.12,3,45,6,228.72,69.69
immeuble,151,124860,Tataouine,quincaillerie,clou,LocalClou,0.41,3,53,165,67.65,75.86
renovation,363,268145,Mahdia,revetement,gres,SOTEMAIL,47.78,4,66,381,18204.18,95.02
immeuble,197,164877,Jendouba,maconnerie,gravier,CarriereNabeul,43.69,5,67,27,1179.63,100.0
maison,479,221350,Sousse,quincaillerie,clou,Fischer,0.09,5,95,815,73.35,100.0
renovation,348,188040,Gafsa,plomberie,tuyau,GF,12.14,4,57,211,2561.54,95.89
immeuble,201,180799,Tozeur,plomberie,raccord,GF,5.72,4,68,3,17.16,99.83
maison,82,34056,Tunis,peinture,rouleau,LocalTool,24.15,2,27,4,96.6,45.68
maison,281,195022,Tataouine,electricite,interrupteur,Schneider,21.26,5,74,67,1424.42,100.0
maison,380,176997,Mahdia,menuiserie,fenetre,FenetrePro,976.74,3,39,27,26371.98,0.0
renovation,212,85898,Ariana,plomberie,siphon,Geberit,17.91,5,67,6,107.46,100.0
renovation,249,101990,Beja,etancheite,membrane_etanche,Sika,39.17,4,69,194,7598.98,96.78
renovation,349,205093,Beja,etancheite,hydrofuge,LocalHyd,36.62,3,43,5,183.1,69.24
renovation,151,40271,Tunis,maconnerie,brique,BriqueTunis,1.09,2,43,1549,1688.41,52.79
renovation,255,124868,Beja,etancheite,hydrofuge,LocalHyd,14.52,2,47,6,87.12,52.65
maison,250,208517,Gafsa,electricite,cable,LocalCable,8.01,5,60,459,3676.59,100.0
maison,360,265772,Gabes,peinture,pinceau,PaintPro,7.83,5,85,4,31.32,100.0
maison,90,48990,Bizerte,quincaillerie,vis,Fischer,0.49,3,61,103,50.47,78.25
immeuble,342,300000,Monastir,peinture,enduit,Weber,33.12,3,55,37,1225.44,73.19
immeuble,392,300000,Mahdia,electricite,interrupteur,Legrand,22.03,4,65,105,2313.15,97.3
immeuble,373,300000,Tozeur,isolation,mousse_isolante,LocalMousse,22.61,3,49,73,1650.53,72.44
maison,178,98548,Siliana,peinture,enduit,Weber,42.4,3,41,11,466.4,68.06
renovation,437,207037,Kebili,maconnerie,sable,Sibline,36.29,4,66,47,1705.63,96.17
renovation,51,27779,Nabeul,quincaillerie,vis,LocalVis,0.61,2,37,43,26.23,51.04
renovation,433,288225,Gabes,menuiserie,fenetre,AluminiumPro,490.3,4,56,24,11767.2,47.77
maison,339,238502,Bizerte,quincaillerie,clou,Fischer,0.4,4,70,375,150.0,100.0
maison,57,32521,Kef,peinture,rouleau,PaintPro,12.96,3,50,5,64.8,73.7
maison,152,87779,Manouba,quincaillerie,vis,Rawlplug,0.67,3,51,211,141.37,75.23
maison,256,126761,Ariana,peinture,vernis,Jotun,71.64,4,66,27,1934.28,92.64
renovation,390,133367,Tozeur,peinture,peinture_murale,LocalPaint,120.83,2,40,77,9303.91,39.92
maison,352,157155,Gafsa,electricite,cable,Nexans,9.25,4,49,392,3626.0,93.78
maison,206,107022,Tunis,plomberie,chauffe_eau,Atlantic,801.12,5,79,1,801.12,43.59
maison,226,147030,Kasserine,electricite,disjoncteur,Schneider,56.29,5,69,3,168.87,100.0
maison,60,28613,Ben Arous,quincaillerie,clou,Fischer,0.43,2,48,84,36.12,54.36
immeuble,128,126624,Jendouba,quincaillerie,clou,Fischer,0.08,4,76,249,19.92,100.0
immeuble,445,300000,Bizerte,electricite,interrupteur,LocalElec,7.07,3,57,177,1251.39,76.39
maison,244,118421,Tataouine,maconnerie,parpaing,LocalBlock,2.23,3,50,597,1331.31,74.78
maison,331,219625,Monastir,electricite,tableau_electrique,Hager,146.13,5,78,3,438.39,100.0
immeuble,162,116094,Sousse,quincaillerie,clou,LocalClou,0.1,2,59,139,13.9,57.69
maison,69,40413,Kasserine,peinture,pinceau,PaintPro,9.23,2,52,5,46.15,54.68
maison,227,142947,Tataouine,electricite,tableau_electrique,Legrand,287.03,5,71,2,574.06,92.6
immeuble,164,241173,Tozeur,electricite,prise,Schneider,19.58,4,72,54,1057.32,99.64
maison,67,51797,Tunis,quincaillerie,cheville,LocalChev,0.24,2,53,63,15.12,55.88
renovation,403,164301,Sfax,revetement,marbre,MarbreTunis,99.71,4,71,478,47661.38,91.33
renovation,104,65289,Nabeul,maconnerie,sable,CarriereTunis,29.6,3,59,30,888.0,74.74
maison,465,300000,Ariana,maconnerie,sable,LocalSand,28.73,3,66,71,2039.83,76.93
renovation,450,209157,Tozeur,isolation,laine_verre,Isover,20.43,4,53,395,8069.85,93.86
renovation,194,95618,Jendouba,electricite,disjoncteur,Schneider,72.22,4,61,1,72.22,91.08
maison,316,206720,Gafsa,plomberie,siphon,Wirquin,37.68,4,46,3,113.04,90.03
maison,447,240911,Ben Arous,electricite,prise,Legrand,22.13,4,56,154,3408.02,94.59
immeuble,428,300000,Ariana,peinture,peinture_murale,LocalPaint,128.62,3,51,54,6945.48,62.44
immeuble,317,288969,Mahdia,isolation,laine_verre,Knauf,22.82,4,60,266,6070.12,95.72
maison,311,211710,Manouba,etancheite,bitume,Bostik,41.51,4,63,2,83.02,94.75
immeuble,492,300000,Gabes,menuiserie,porte,LocalWood,249.12,5,68,20,4982.4,95.49
immeuble,336,300000,Sousse,isolation,laine_verre,Knauf,20.28,3,56,205,4157.4,74.77
maison,364,300000,Gabes,peinture,enduit,Sika,58.58,4,74,34,1991.72,96.34
immeuble,86,104936,Tunis,maconnerie,parpaing,LocalBlock,1.97,2,40,248,488.56,51.8
immeuble,177,131318,Kef,electricite,disjoncteur,Schneider,72.56,4,64,1,72.56,91.94
immeuble,235,258822,Sidi Bouzid,etancheite,silicone,LocalSil,21.15,4,52,4,84.6,93.48
renovation,139,69456,Tataouine,peinture,peinture_murale,Jotun,55.52,4,81,25,1388.0,98.75
maison,152,91502,Bizerte,maconnerie,ciment,Holcim,20.09,3,51,52,1044.68,73.29
maison,351,221532,Kairouan,plomberie,siphon,LocalPlomb,20.31,4,58,3,60.93,95.37
renovation,443,261903,Medenine,revetement,colle_carrelage,LocalColle,25.18,5,51,56,1410.08,100.0
immeuble,204,167001,Ben Arous,revetement,faience,LocalFaien,82.48,3,46,196,16166.08,65.55
maison,336,268449,Siliana,etancheite,bitume,Bostik,36.34,4,55,7,254.38,92.87
immeuble,113,76280,Sfax,peinture,enduit,LocalEnduit,29.79,3,63,14,417.06,75.92
renovation,268,106621,Ariana,peinture,rouleau,PaintPro,26.6,4,39,2,53.2,89.04
immeuble,144,167977,Nabeul,menuiserie,fenetre,FenetrePro,742.63,4,56,6,4455.78,22.54
renovation,446,183896,Kebili,maconnerie,gravier,LocalStone,31.17,4,75,99,3085.83,99.38
renovation,430,116827,Kairouan,electricite,disjoncteur,Siemens,54.38,4,65,1,54.38,94.06
renovation,84,44696,Siliana,quincaillerie,cheville,LocalChev,0.26,3,53,71,18.46,75.87
renovation,167,119082,Tozeur,plomberie,chauffe_eau,Atlantic,734.84,4,70,1,734.84,27.52
immeuble,266,167233,Kef,revetement,joint,Weber,10.33,4,67,38,392.54,99.07
renovation,333,181405,Medenine,etancheite,bitume,Sika,43.72,4,68,3,131.16,96.03
renovation,379,141084,Mahdia,electricite,cable,Nexans,6.83,3,54,412,2813.96,75.52
immeuble,243,237587,Tataouine,peinture,pinceau,PaintPro,15.01,4,68,6,90.06,98.9
maison,61,45580,Mahdia,quincaillerie,boulon,Fischer,5.19,3,57,35,181.65,76.58
renovation,281,87946,Jendouba,plomberie,raccord,GF,15.45,3,62,5,77.25,77.05
immeuble,213,167573,Mahdia,plomberie,raccord,GF,37.87,4,45,4,151.48,89.71
maison,292,241503,Kasserine,etancheite,silicone,Sika,14.6,4,63,7,102.2,97.44
maison,419,278970,Monastir,isolation,laine_verre,LocalIso,19.96,4,57,334,6666.64,95.1
maison,372,261870,Kairouan,maconnerie,gravier,CarriereNabeul,66.31,4,43,56,3713.36,86.27
renovation,443,194887,Tunis,menuiserie,fenetre,AluminiumPro,344.41,3,65,21,7232.61,45.06
renovation,341,232813,Jendouba,electricite,prise,Schneider,7.66,4,95,96,735.36,100.0
immeuble,55,48259,Tunis,peinture,pinceau,LocalTool,5.83,2,56,5,29.15,56.22
immeuble,232,166349,Sousse,electricite,prise,LocalElec,21.02,4,59,56,1177.12,95.6
maison,287,188226,Sfax,isolation,mousse_isolante,Sika,59.85,4,52,65,3890.25,89.62
immeuble,318,269076,Mahdia,electricite,interrupteur,Schneider,15.94,4,76,87,1386.78,100.0
renovation,144,87851,Gabes,electricite,prise,Legrand,17.11,4,75,56,958.16,100.0
immeuble,422,300000,Siliana,menuiserie,porte,PortePro,870.48,4,43,10,8704.8,5.85
renovation,248,86068,Gabes,electricite,cable,Nexans,4.88,4,64,301,1468.88,98.71
maison,250,178279,Bizerte,menuiserie,bois,BoisTunis,321.42,4,46,17,5464.14,61.66
maison,264,177279,Gabes,peinture,vernis,LocalVernis,34.16,4,66,14,478.24,96.38
immeuble,475,300000,Kairouan,menuiserie,fenetre,FenetrePro,618.16,5,74,22,13599.52,60.38
maison,492,297065,Gabes,menuiserie,serrure,LocalSerr,32.31,5,80,5,161.55,100.0
renovation,63,34060,Tozeur,quincaillerie,boulon,Fischer,4.68,2,44,26,121.68,52.73
immeuble,481,300000,Mahdia,maconnerie,brique,BriqueTunis,0.71,5,80,6615,4696.65,100.0
maison,431,300000,Mahdia,isolation,laine_verre,Knauf,11.22,4,75,282,3164.04,100.0
maison,364,146708,Gabes,plomberie,robinet,Grohe,113.96,4,63,2,227.92,87.5
immeuble,176,274223,Tozeur,revetement,colle_carrelage,LocalColle,17.26,4,57,15,258.9,95.37
maison,374,300000,Zaghouan,menuiserie,aluminium,AluTunis,186.55,4,57,38,7088.9,78.44
renovation,375,130502,Ariana,electricite,disjoncteur,Siemens,26.1,3,49,2,52.2,72.09
immeuble,368,297067,Nabeul,revetement,colle_carrelage,Weber,13.01,4,68,50,650.5,99.1
immeuble,452,300000,Kairouan,etancheite,hydrofuge,LocalHyd,16.81,4,57,6,100.86,95.42
maison,444,218183,Kebili,maconnerie,parpaing,LocalBlock,3.37,5,64,735,2476.95,100.0
maison,264,120249,Kef,plomberie,raccord,Pipelife,7.02,4,63,8,56.16,98.2
maison,442,300000,Gafsa,maconnerie,parpaing,ParpaingPro,3.21,4,67,1151,3694.71,99.78
maison,357,226365,Tunis,menuiserie,serrure,LocalSerr,45.23,4,56,5,226.15,92.28
immeuble,58,41038,Ben Arous,peinture,peinture_murale,Jotun,132.21,3,58,9,1189.89,64.18
renovation,149,64440,Gafsa,quincaillerie,clou,LocalClou,0.18,2,47,148,26.64,54.08
renovation,206,60426,Bizerte,quincaillerie,boulon,Fischer,5.56,5,73,138,767.28,100.0
immeuble,118,177284,Ariana,electricite,interrupteur,Legrand,24.33,5,81,40,973.2,100.0
renovation,303,143937,Beja,electricite,cable,Legrand,9.61,5,73,434,4170.74,100.0
renovation,167,91678,Kebili,etancheite,hydrofuge,Sika,51.65,4,62,2,103.3,93.43
immeuble,237,236197,Tataouine,peinture,vernis,Jotun,56.48,4,70,16,903.68,95.35
renovation,407,208990,Sousse,quincaillerie,boulon,LocalBoul,2.85,3,48,193,550.05,74.12
immeuble,330,300000,Gabes,electricite,cable,LocalCable,5.35,5,64,570,3049.5,100.0
renovation,350,131836,Gafsa,quincaillerie,clou,Fischer,0.52,4,61,597,310.44,98.25
immeuble,282,300000,Ben Arous,menuiserie,porte,MenuiserieTunis,512.78,5,67,8,4102.24,68.82
maison,64,27446,Monastir,peinture,vernis,Ripolin,60.6,2,45,8,484.8,47.44
immeuble,464,300000,Bizerte,quincaillerie,vis,Fischer,0.15,5,92,636,95.4,100.0
renovation,197,92366,Monastir,electricite,tableau_electrique,Legrand,274.27,4,52,1,274.27,68.17
renovation,64,31348,Siliana,peinture,pinceau,LocalTool,13.15,2,36,6,78.9,49.48
maison,258,109057,Medenine,quincaillerie,vis,LocalVis,0.19,2,53,331,62.89,55.88
renovation,141,41048,Gabes,quincaillerie,cheville,Fischer,1.68,3,43,159,267.12,72.73
maison,164,87857,Kairouan,plomberie,raccord,LocalPlomb,12.01,2,50,5,60.05,53.8
renovation,171,71470,Zaghouan,etancheite,membrane_etanche,Sika,42.32,5,77,111,4697.52,100.0
maison,470,300000,Mahdia,isolation,polystyrene,Isover,35.13,4,44,471,16546.23,89.69
maison,146,106955,Tataouine,plomberie,tuyau,LocalPlomb,15.08,3,47,66,995.28,72.59
immeuble,57,58597,Kef,electricite,cable,Legrand,9.69,4,65,93,901.17,98.53
maison,277,210305,Sousse,etancheite,membrane_etanche,Bostik,31.95,4,56,209,6677.55,93.6
immeuble,353,300000,Kebili,isolation,polystyrene,Isover,30.39,4,49,308,9360.12,91.66
renovation,136,79714,Sfax,maconnerie,parpaing,LocalBlock,2.72,2,36,272,739.84,50.53
immeuble,218,300000,Gafsa,isolation,polystyrene,LocalPoly,13.87,4,76,160,2219.2,100.0
immeuble,253,288310,Sfax,quincaillerie,vis,Rawlplug,0.7,4,56,204,142.8,96.73
immeuble,179,257477,Bizerte,isolation,polystyrene,LocalPoly,11.09,4,66,163,1807.67,98.69
immeuble,367,300000,Nabeul,maconnerie,ciment,LocalCement,15.05,3,64,127,1911.35,77.7
maison,141,97824,Ariana,etancheite,membrane_etanche,Sika,37.47,4,75,116,4346.52,98.75
maison,328,252462,Sousse,revetement,carrelage,CarrelagePro,19.07,5,75,300,5721.0,100.0
maison,281,173993,Gabes,etancheite,hydrofuge,Sika,42.36,4,68,6,254.16,96.16
renovation,210,46134,Ariana,peinture,pinceau,PaintPro,22.93,3,48,7,160.51,72.11
renovation,272,131621,Ben Arous,electricite,cable,LocalCable,7.49,2,38,518,3879.82,50.65
maison,440,300000,Sfax,quincaillerie,clou,LocalClou,0.22,4,73,512,112.64,100.0
immeuble,421,300000,Jendouba,menuiserie,serrure,LocalSerr,53.34,4,52,4,213.36,90.27
maison,81,39918,Tataouine,quincaillerie,cheville,LocalChev,1.09,2,37,70,76.3,50.99
maison,384,168314,Kebili,quincaillerie,vis,LocalVis,0.29,4,59,348,100.92,97.67
maison,227,153607,Ben Arous,isolation,laine_roche,Rockwool,51.67,5,53,186,9610.62,100.0
maison,257,155625,Kef,menuiserie,serrure,Yale,98.42,5,57,4,393.68,100.0
immeuble,124,146056,Zaghouan,peinture,enduit,Weber,37.53,3,45,11,412.83,69.75
renovation,387,263639,Nabeul,maconnerie,ciment,LocalCement,19.29,4,50,179,3452.91,93.07
renovation,102,40044,Monastir,quincaillerie,vis,LocalVis,0.19,3,66,169,32.11,79.78
renovation,263,145686,Kairouan,maconnerie,parpaing,ParpaingPro,3.38,4,53,585,1977.3,95.56
maison,289,189376,Gabes,electricite,cable,Nexans,5.35,4,56,328,1754.8,96.26
immeuble,266,234301,Siliana,menuiserie,porte,PortePro,202.88,5,75,9,1825.92,100.0
renovation,81,49807,Tozeur,quincaillerie,boulon,LocalBoul,2.03,2,46,56,113.68,53.6
renovation,412,250842,Manouba,etancheite,membrane_etanche,Bostik,33.51,5,64,250,8377.5,100.0
maison,224,163798,Sousse,maconnerie,brique,BriqueTunis,1.03,4,59,2535,2611.05,97.6
immeuble,224,209677,Jendouba,electricite,interrupteur,Schneider,15.67,5,90,79,1237.93,100.0
immeuble,362,300000,Tunis,peinture,vernis,Jotun,42.37,5,83,46,1949.02,100.0
immeuble,365,300000,Tunis,peinture,pinceau,PaintPro,26.94,5,52,4,107.76,100.0
renovation,456,300000,Ariana,etancheite,silicone,Sika,19.55,5,90,6,117.3,100.0
maison,260,178251,Kairouan,maconnerie,brique,BriqueLocal,0.71,4,64,2502,1776.42,99.13
immeuble,368,266510,Bizerte,plomberie,chauffe_eau,Ariston,1295.36,5,62,1,1295.36,0.0
renovation,311,198943,Bizerte,electricite,interrupteur,Legrand,20.37,5,84,82,1670.34,100.0
renovation,425,230175,Kebili,isolation,polystyrene,Styrodur,24.51,4,63,372,9117.72,96.45
renovation,320,133595,Gafsa,electricite,cable,Nexans,9.18,3,41,321,2946.78,71.38
immeuble,359,300000,Jendouba,electricite,tableau_electrique,Legrand,160.52,4,64,1,160.52,83.15
immeuble,462,300000,Kef,isolation,mousse_isolante,Sika,69.57,5,58,57,3965.49,100.0
maison,330,292608,Mahdia,peinture,rouleau,LocalTool,12.5,4,64,5,62.5,97.95
immeuble,153,137363,Zaghouan,peinture,pinceau,OutilTunis,22.1,3,37,2,44.2,68.89
maison,154,71585,Monastir,peinture,peinture_murale,Jotun,86.93,5,87,26,2260.18,100.0
renovation,94,65346,Kef,etancheite,membrane_etanche,Bostik,39.89,3,53,64,2552.96,71.91
maison,257,142180,Tozeur,electricite,tableau_electrique,Schneider,193.54,5,81,3,580.62,100.0
renovation,106,63735,Mahdia,peinture,vernis,LocalVernis,47.29,3,45,12,567.48,68.77
immeuble,105,120598,Mahdia,quincaillerie,vis,Fischer,1.02,4,70,189,192.78,100.0
maison,384,207247,Sousse,etancheite,hydrofuge,Sika,26.24,5,95,7,183.68,100.0
maison,404,212665,Zaghouan,plomberie,chauffe_eau,Ariston,1101.11,5,63,1,1101.11,8.79
renovation,315,198380,Zaghouan,electricite,cable,Nexans,3.75,4,75,341,1278.75,100.0
renovation,181,56448,Jendouba,quincaillerie,vis,Fischer,0.9,4,69,281,252.9,100.0
immeuble,423,251369,Tataouine,isolation,laine_verre,LocalIso,21.42,3,48,261,5590.62,72.26
immeuble,499,300000,Kairouan,quincaillerie,boulon,LocalBoul,2.87,5,66,308,883.96,100.0
renovation,388,159145,Tataouine,peinture,vernis,Jotun,26.1,5,93,32,835.2,100.0
renovation,68,39022,Sousse,peinture,rouleau,PaintPro,17.67,3,46,4,70.68,72.03
immeuble,372,300000,Kef,plomberie,robinet,LocalRobi,43.56,5,91,4,174.24,100.0
immeuble,468,256896,Kairouan,etancheite,hydrofuge,LocalHyd,19.43,3,64,4,77.72,77.26
immeuble,129,91178,Kairouan,maconnerie,brique,BriqueTunis,0.93,4,66,1840,1711.2,99.71
renovation,184,60085,Ariana,etancheite,silicone,Bostik,20.83,3,37,4,83.32,69.02
maison,272,149592,Medenine,etancheite,membrane_etanche,Sika,39.77,4,63,192,7635.84,94.92
maison,420,286987,Tozeur,plomberie,robinet,IdealStandard,67.03,4,63,4,268.12,92.2
renovation,492,133198,Kairouan,electricite,cable,LocalCable,6.16,2,46,728,4484.48,53.18
immeuble,241,235312,Tataouine,etancheite,silicone,Bostik,5.75,3,54,5,28.75,75.62
renovation,360,266658,Gafsa,revetement,gres,SOTEMAIL,75.71,4,54,402,30435.42,88.63
maison,429,219055,Siliana,etancheite,membrane_etanche,LocalMemb,38.57,5,75,282,10876.74,100.0
maison,321,278805,Medenine,revetement,joint,LocalJoint,14.51,3,46,29,420.79,72.35
renovation,69,42458,Medenine,peinture,vernis,Ripolin,21.96,3,64,6,131.76,77.0
immeuble,354,300000,Siliana,menuiserie,bois,MenuiserieTunis,85.41,4,77,28,2391.48,94.56
renovation,482,231931,Kebili,plomberie,robinet,Grohe,126.81,4,76,3,380.43,90.12
maison,346,139794,Kebili,electricite,tableau_electrique,Schneider,119.76,4,74,1,119.76,90.22
immeuble,308,213382,Ben Arous,maconnerie,parpaing,LocalBlock,2.82,5,76,899,2535.18,100.0
renovation,254,200445,Beja,isolation,laine_roche,Rockwool,27.77,5,70,205,5692.85,100.0
renovation,238,66899,Kairouan,maconnerie,sable,Sibline,50.58,4,49,26,1315.08,89.64
immeuble,84,81032,Gafsa,quincaillerie,cheville,LocalChev,0.45,2,42,158,71.1,52.56
renovation,227,74454,Sousse,maconnerie,parpaing,Sibline,2.45,3,56,672,1646.4,76.55
renovation,291,174062,Siliana,isolation,laine_roche,LocalIso,15.28,3,72,207,3162.96,80.07
immeuble,202,213762,Kairouan,isolation,laine_verre,Isover,18.06,4,68,178,3214.68,98.59
renovation,460,268673,Manouba,electricite,disjoncteur,Schneider,80.31,5,67,3,240.93,100.0
renovation,184,66867,Sousse,peinture,peinture_murale,Jotun,101.58,4,56,26,2641.08,86.64
immeuble,63,62869,Manouba,plomberie,robinet,IdealStandard,75.16,4,68,5,375.8,92.88
renovation,235,95933,Kasserine,etancheite,silicone,Sika,14.41,4,69,5,72.05,99.26
maison,451,300000,Tunis,peinture,vernis,LocalVernis,34.6,5,75,52,1799.2,100.0
immeuble,451,300000,Ariana,revetement,joint,Sika,8.97,5,85,52,466.44,100.0
immeuble,109,144024,Bizerte,plomberie,tuyau,GF,7.76,3,59,34,263.84,76.92
maison,166,68711,Ariana,maconnerie,brique,BriqueLocal,0.79,2,44,2362,1865.98,53.12
maison,81,36040,Sidi Bouzid,quincaillerie,clou,Fischer,0.52,3,61,135,70.2,78.25
maison,427,300000,Sousse,plomberie,siphon,LocalPlomb,7.33,4,79,3,21.99,100.0
renovation,301,97562,Beja,maconnerie,ciment,Sibline,23.06,3,49,156,3597.36,72.39
renovation,451,121343,Gabes,etancheite,bitume,LocalBitume,42.49,3,46,5,212.45,69.55
immeuble,350,300000,Mahdia,isolation,laine_verre,LocalIso,11.86,3,61,221,2621.06,77.11
renovation,197,76388,Medenine,etancheite,hydrofuge,Sika,46.83,4,61,2,93.66,93.62
renovation,443,249104,Jendouba,quincaillerie,clou,LocalClou,0.3,5,70,293,87.9,100.0
maison,88,37709,Monastir,peinture,rouleau,LocalTool,14.05,2,38,4,56.2,50.0
immeuble,344,300000,Mahdia,menuiserie,bois,LocalWood,147.72,4,54,48,7090.56,81.43
maison,489,300000,Gafsa,quincaillerie,boulon,Rawlplug,3.84,4,62,259,994.56,98.22
immeuble,313,300000,Gafsa,plomberie,tuyau,GF,8.16,4,58,156,1272.96,96.58
maison,237,140692,Siliana,quincaillerie,boulon,Rawlplug,3.49,4,67,139,485.11,99.75
maison,131,69591,Kairouan,quincaillerie,clou,Rawlplug,0.41,4,56,72,29.52,96.76
immeuble,76,86138,Nabeul,quincaillerie,cheville,Fischer,0.6,5,75,105,63.0,100.0
maison,114,54232,Manouba,quincaillerie,vis,LocalVis,0.9,3,45,70,63.0,73.41
immeuble,212,159130,Tunis,isolation,laine_roche,Rockwool,34.77,4,44,232,8066.64,89.72
immeuble,267,300000,Monastir,quincaillerie,clou,Fischer,0.07,4,68,143,10.01,100.0
renovation,456,164066,Tunis,menuiserie,bois,MenuiserieTunis,122.69,5,73,44,5398.36,100.0
maison,236,207437,Kef,isolation,mousse_isolante,LocalMousse,38.96,4,55,59,2298.64,92.6
renovation,218,78639,Ben Arous,plomberie,robinet,Grohe,95.08,4,77,3,285.24,93.59
renovation,278,64174,Tozeur,quincaillerie,cheville,Fischer,1.08,4,65,157,169.56,99.39
maison,253,142994,Kairouan,etancheite,hydrofuge,Sika,18.43,4,74,5,92.15,100.0
renovation,361,144453,Jendouba,plomberie,raccord,GF,25.3,3,47,8,202.4,71.57
maison,60,53656,Kairouan,plomberie,robinet,IdealStandard,112.25,3,40,2,224.5,60.78
renovation,143,55184,Siliana,peinture,pinceau,PaintPro,18.84,3,55,6,113.04,74.62
maison,151,90549,Gabes,plomberie,chauffe_eau,Atlantic,1026.44,4,45,2,2052.88,0.0
immeuble,76,74387,Ben Arous,etancheite,membrane_etanche,Bostik,37.03,4,50,60,2221.8,91.3
renovation,478,300000,Nabeul,maconnerie,brique,BriqueLocal,0.73,4,64,4364,3185.72,99.13
maison,151,65621,Siliana,plomberie,robinet,LocalRobi,108.23,3,55,4,432.92,65.68
maison,270,125979,Sfax,etancheite,membrane_etanche,Sika,42.41,4,55,284,12044.44,92.26
renovation,313,160037,Ben Arous,maconnerie,brique,SOTEMAIL,1.06,4,54,3107,3293.42,96.09
immeuble,310,300000,Gabes,isolation,polystyrene,Styrodur,30.88,4,48,216,6670.08,91.31
immeuble,246,286647,Sousse,quincaillerie,boulon,LocalBoul,1.16,4,63,108,125.28,98.78
renovation,439,157411,Kasserine,plomberie,tuyau,Pipelife,12.28,5,75,350,4298.0,100.0
renovation,109,51732,Nabeul,etancheite,membrane_etanche,LocalMemb,20.48,3,59,102,2088.96,75.65
renovation,190,69566,Mahdia,quincaillerie,cheville,Fischer,0.75,5,75,370,277.5,100.0
immeuble,485,300000,Tozeur,revetement,gres,GresPro,37.42,4,68,341,12760.22,96.66
immeuble,403,300000,Beja,isolation,polystyrene,LocalPoly,12.83,5,82,423,5427.09,100.0
immeuble,192,293510,Jendouba,isolation,polystyrene,Isover,28.29,4,55,147,4158.63,93.67
renovation,280,84492,Ben Arous,plomberie,siphon,LocalPlomb,20.75,2,41,9,186.75,50.22
immeuble,437,300000,Mahdia,etancheite,bitume,LocalBitume,43.61,4,50,7,305.27,90.64
renovation,355,178657,Sfax,quincaillerie,cheville,LocalChev,0.84,5,74,391,328.44,100.0
maison,213,178843,Kebili,menuiserie,fenetre,FenetrePro,405.69,5,79,8,3245.52,83.13
immeuble,474,300000,Medenine,maconnerie,gravier,GraviereTunis,31.14,3,50,91,2833.74,71.89
maison,237,102280,Gafsa,electricite,cable,Nexans,7.32,3,41,412,3015.84,71.57
immeuble,342,300000,Tozeur,electricite,interrupteur,Legrand,21.43,5,76,51,1092.93,100.0
maison,238,121336,Nabeul,plomberie,raccord,GF,34.06,3,48,3,102.18,70.99
maison,154,115928,Manouba,peinture,pinceau,PaintPro,6.9,3,66,6,41.4,79.11
immeuble,154,88880,Kebili,maconnerie,gravier,CarriereNabeul,51.19,4,65,42,2149.98,94.38
immeuble,54,66833,Ben Arous,electricite,disjoncteur,Siemens,72.32,4,45,3,216.96,86.27
maison,291,241349,Siliana,plomberie,chauffe_eau,Atlantic,587.31,4,55,1,587.31,37.77
renovation,243,64049,Gafsa,plomberie,raccord,GF,20.41,4,57,3,61.23,95.06
maison,191,140768,Siliana,etancheite,hydrofuge,Weber,37.78,3,38,6,226.68,67.62
maison,295,129483,Gabes,maconnerie,brique,BriqueTunis,1.1,3,48,3416,3757.6,74.29
immeuble,276,207055,Monastir,peinture,rouleau,LocalTool,22.67,4,48,6,136.02,92.13
immeuble,345,300000,Siliana,peinture,vernis,Jotun,71.72,5,87,26,1864.72,100.0
maison,434,198733,Sfax,electricite,disjoncteur,Schneider,59.94,5,80,2,119.88,100.0
maison,463,300000,Sidi Bouzid,isolation,laine_verre,Isover,23.15,5,68,437,10116.55,100.0
maison,242,213896,Siliana,plomberie,raccord,Pipelife,25.09,4,56,6,150.54,94.29
immeuble,448,300000,Gafsa,maconnerie,brique,SOTEMAIL,0.92,4,59,4233,3894.36,97.61
maison,432,258610,Kebili,quincaillerie,boulon,Fischer,1.74,5,77,201,349.74,100.0
maison,138,66669,Sfax,quincaillerie,clou,Fischer,0.26,5,92,221,57.46,100.0
maison,191,124073,Sfax,plomberie,robinet,IdealStandard,84.16,3,48,3,252.48,65.98
immeuble,299,253846,Kebili,plomberie,chauffe_eau,Ariston,1277.93,5,64,2,2555.86,0.0
maison,385,239846,Zaghouan,revetement,marbre,SOTEMAIL,161.26,4,62,291,46926.66,82.47
maison,387,248183,Ben Arous,menuiserie,aluminium,AluminiumPro,260.3,5,72,40,10412.0,95.57
immeuble,251,158168,Manouba,etancheite,bitume,Bostik,58.07,4,56,2,116.14,90.99
renovation,272,189375,Kef,plomberie,robinet,Grohe,101.7,5,72,4,406.8,100.0
renovation,203,92202,Kairouan,plomberie,siphon,Wirquin,15.85,4,57,3,47.55,95.52
immeuble,145,88929,Bizerte,etancheite,hydrofuge,Weber,40.45,4,56,7,283.15,92.76
immeuble,290,300000,Ben Arous,plomberie,tuyau,LocalPlomb,13.55,5,78,192,2601.6,100.0
immeuble,132,118395,Beja,maconnerie,sable,Sibline,35.17,4,56,18,633.06,93.28
maison,346,214125,Tataouine,revetement,colle_carrelage,Sika,13.87,4,80,46,638.02,100.0
immeuble,465,300000,Sidi Bouzid,revetement,gres,GresPro,71.59,4,64,436,31213.24,92.04
maison,256,210645,Zaghouan,quincaillerie,boulon,Rawlplug,1.19,3,51,179,213.01,75.18
renovation,247,128155,Tunis,quincaillerie,clou,LocalClou,0.46,2,30,352,161.92,48.95
renovation,395,300000,Manouba,maconnerie,gravier,GraviereTunis,41.95,5,70,61,2558.95,100.0
immeuble,75,93059,Sfax,electricite,tableau_electrique,Hager,147.03,4,52,1,147.03,80.9
immeuble,220,195067,Sfax,isolation,laine_roche,Knauf,28.02,4,63,228,6388.56,96.1
immeuble,374,291146,Siliana,etancheite,silicone,LocalSil,18.12,5,66,4,72.48,100.0
maison,498,300000,Jendouba,maconnerie,brique,BriqueLocal,0.53,4,55,5955,3156.15,96.45
immeuble,418,300000,Beja,peinture,rouleau,OutilTunis,17.53,4,64,4,70.12,97.45
renovation,473,169433,Kebili,quincaillerie,boulon,Fischer,5.53,5,63,204,1128.12,100.0
renovation,339,254238,Beja,electricite,interrupteur,Legrand,16.03,5,83,78,1250.34,100.0
maison,110,57339,Zaghouan,peinture,rouleau,LocalTool,9.78,2,50,7,68.46,54.02
immeuble,118,142821,Gafsa,peinture,peinture_murale,LocalPaint,70.74,3,47,18,1273.32,67.03
renovation,282,171341,Kairouan,quincaillerie,cheville,Fischer,1.53,5,73,435,665.55,100.0
renovation,242,56801,Manouba,peinture,vernis,LocalVernis,26.12,2,55,21,548.52,53.89
renovation,187,52397,Manouba,peinture,rouleau,OutilTunis,13.14,3,49,7,91.98,73.39
immeuble,255,178817,Zaghouan,revetement,gres,LocalGres,60.75,5,57,188,11421.0,100.0
immeuble,260,281950,Gabes,menuiserie,fenetre,AluminiumPro,297.19,5,78,11,3269.09,93.68
maison,453,257262,Tataouine,etancheite,bitume,LocalBitume,21.27,4,80,3,63.81,100.0
maison,500,213741,Tataouine,plomberie,tuyau,LocalPlomb,13.07,3,53,367,4796.69,74.59
immeuble,201,265577,Kasserine,electricite,prise,LocalElec,17.25,5,72,31,534.75,100.0
renovation,380,219604,Monastir,maconnerie,parpaing,ParpaingPro,1.86,4,63,724,1346.64,98.71
maison,282,252430,Beja,electricite,cable,Legrand,8.91,4,71,490,4365.9,100.0
immeuble,409,300000,Tataouine,maconnerie,gravier,GraviereTunis,35.54,4,59,110,3909.4,94.15
immeuble,345,300000,Mahdia,revetement,joint,Sika,11.52,5,100,25,288.0,100.0
maison,281,209362,Monastir,menuiserie,porte,MenuiserieTunis,489.09,4,57,6,2934.54,48.19
maison,387,164071,Zaghouan,peinture,rouleau,OutilTunis,5.35,4,75,5,26.75,100.0
renovation,357,217473,Tozeur,isolation,polystyrene,Isover,12.18,5,85,219,2667.42,100.0
immeuble,189,286032,Gabes,plomberie,siphon,Geberit,17.59,4,57,4,70.36,95.34
maison,375,151385,Jendouba,plomberie,siphon,Wirquin,43.73,3,33,5,218.65,65.53
maison,400,300000,Kef,revetement,carrelage,SOTEMAIL,22.62,4,74,418,9455.16,99.94
renovation,111,83769,Beja,quincaillerie,boulon,LocalBoul,4.39,3,45,83,364.37,73.06
maison,50,26517,Bizerte,quincaillerie,cheville,LocalChev,0.87,2,31,61,53.07,49.21
maison,73,45485,Beja,peinture,peinture_murale,LocalPaint,118.01,3,45,12,1416.12,61.7
maison,275,215156,Tunis,revetement,marbre,MarbreLocal,119.99,4,62,233,27957.67,86.6
immeuble,149,112241,Ariana,peinture,vernis,Jotun,82.85,4,68,9,745.65,92.12
immeuble,100,59705,Zaghouan,quincaillerie,cheville,Rawlplug,0.79,3,52,126,99.54,75.52
maison,437,212076,Monastir,menuiserie,bois,BoisTunis,269.37,5,72,64,17239.68,94.66
renovation,91,63317,Ben Arous,plomberie,raccord,LocalPlomb,33.66,2,31,3,100.98,45.93
immeuble,74,71507,Zaghouan,electricite,interrupteur,Schneider,28.82,5,78,23,662.86,100.0
immeuble,372,288581,Siliana,maconnerie,gravier,LocalStone,61.44,3,42,87,5345.28,66.46
renovation,111,65190,Tunis,quincaillerie,cheville,Rawlplug,0.41,4,74,63,25.83,100.0
renovation,334,175358,Zaghouan,revetement,faience,SOTEMAIL,34.88,4,68,241,8406.08,96.91
immeuble,500,300000,Kebili,plomberie,tuyau,LocalPlomb,16.88,4,52,220,3713.6,93.91
maison,437,300000,Zaghouan,menuiserie,porte,MenuiserieTunis,359.47,4,70,17,6110.99,65.05
immeuble,387,300000,Tunis,maconnerie,ciment,LocalCement,24.13,4,49,136,3281.68,92.29
immeuble,268,211438,Kebili,menuiserie,bois,BoisTunis,121.45,5,83,26,3157.7,100.0
maison,232,206954,Sidi Bouzid,electricite,cable,Legrand,2.98,5,91,240,715.2,100.0
renovation,126,80928,Manouba,peinture,pinceau,LocalTool,12.74,2,43,5,63.7,51.63
maison,113,52563,Bizerte,quincaillerie,boulon,Fischer,1.66,5,92,46,76.36,100.0
maison,148,63247,Siliana,quincaillerie,clou,Rawlplug,0.28,4,53,294,82.32,95.87
immeuble,260,266723,Siliana,plomberie,raccord,GF,9.67,4,66,6,58.02,98.83
renovation,308,100250,Bizerte,maconnerie,gravier,GraviereTunis,40.15,4,55,47,1887.05,92.48
immeuble,375,300000,Siliana,menuiserie,fenetre,FenetrePro,319.53,4,59,22,7029.66,65.75
maison,311,266310,Medenine,quincaillerie,vis,Rawlplug,0.17,3,61,514,87.38,78.28
maison,490,300000,Tunis,plomberie,robinet,Grohe,155.51,5,64,4,622.04,100.0
renovation,420,121511,Nabeul,peinture,rouleau,OutilTunis,24.74,3,45,6,148.44,71.03
renovation,212,123454,Sousse,etancheite,silicone,LocalSil,23.53,2,40,6,141.18,49.65
maison,372,195076,Ariana,electricite,tableau_electrique,Schneider,242.93,4,78,2,485.86,79.11
renovation,434,253952,Siliana,etancheite,silicone,LocalSil,21.77,3,39,6,130.62,69.52
maison,380,196273,Tozeur,isolation,laine_roche,Rockwool,28.77,4,60,233,6703.41,95.12
maison,270,135574,Kairouan,quincaillerie,cheville,Fischer,0.97,5,84,459,445.23,100.0
renovation,374,143487,Sousse,etancheite,bitume,LocalBitume,53.78,3,34,2,107.56,64.82
maison,256,125648,Tozeur,plomberie,tuyau,LocalPlomb,12.24,3,40,92,1126.08,70.78
renovation,350,150608,Ben Arous,electricite,cable,Nexans,10.72,4,40,453,4856.16,90.93
maison,199,104304,Kairouan,plomberie,raccord,LocalPlomb,23.91,2,27,5,119.55,45.71
immeuble,96,103814,Kebili,electricite,prise,Schneider,30.65,4,67,17,521.05,97.04
immeuble,397,300000,Zaghouan,revetement,faience,SOTEMAIL,69.01,5,67,320,22083.2,100.0
renovation,433,230172,Ben Arous,maconnerie,sable,LocalSand,42.9,3,46,55,2359.5,69.51
renovation,72,33794,Medenine,maconnerie,gravier,LocalStone,56.89,2,41,10,568.9,46.61
maison,127,106197,Beja,maconnerie,ciment,LocalCement,19.36,2,37,39,755.04,49.16
renovation,143,102425,Kebili,electricite,interrupteur,Schneider,10.61,5,82,54,572.94,100.0
maison,95,38756,Sidi Bouzid,maconnerie,parpaing,LocalBlock,3.31,2,38,251,830.81,51.07
immeuble,70,59506,Sidi Bouzid,quincaillerie,cheville,Fischer,0.42,5,97,88,36.96,100.0
immeuble,432,300000,Tozeur,maconnerie,sable,Sibline,36.99,5,70,85,3144.15,100.0
immeuble,157,198298,Kasserine,isolation,mousse_isolante,LocalMousse,37.08,5,64,27,1001.16,100.0
renovation,392,168514,Sousse,plomberie,raccord,GF,16.53,4,70,6,99.18,99.35
immeuble,444,300000,Kebili,maconnerie,parpaing,Sibline,2.73,5,68,1028,2806.44,100.0
immeuble,272,209772,Gafsa,revetement,gres,GresPro,37.61,5,74,259,9740.99,100.0
renovation,178,91908,Sidi Bouzid,plomberie,robinet,IdealStandard,109.74,3,47,5,548.7,63.13
immeuble,98,149995,Tozeur,etancheite,bitume,LocalBitume,38.92,3,37,5,194.6,67.21
renovation,64,42555,Gabes,quincaillerie,vis,Fischer,1.05,2,38,75,78.75,51.3
maison,114,48611,Gabes,maconnerie,ciment,LocalCement,12.37,3,62,45,556.65,77.36
renovation,99,36537,Kef,quincaillerie,cheville,Fischer,0.43,3,65,188,80.84,79.46
maison,465,207769,Bizerte,etancheite,hydrofuge,LocalHyd,28.62,5,69,3,85.86,100.0
immeuble,450,300000,Manouba,peinture,peinture_murale,Jotun,82.42,5,90,55,4533.1,100.0
renovation,97,38837,Manouba,quincaillerie,clou,Fischer,0.29,2,60,103,29.87,57.97
renovation,239,118513,Monastir,etancheite,bitume,LocalBitume,43.73,2,25,3,131.19,43.13
maison,259,126130,Kairouan,plomberie,robinet,LocalRobi,68.54,3,57,5,342.7,70.25
immeuble,120,199557,Ariana,revetement,joint,LocalJoint,11.42,4,74,11,125.62,100.0
maison,330,232120,Sousse,etancheite,membrane_etanche,LocalMemb,27.08,3,45,214,5795.12,70.79
maison,114,67797,Monastir,quincaillerie,clou,Rawlplug,0.41,4,60,110,45.1,97.96
renovation,268,146143,Gafsa,quincaillerie,cheville,Rawlplug,0.9,4,55,403,362.7,96.41
maison,204,101435,Jendouba,quincaillerie,clou,Fischer,0.11,4,78,125,13.75,100.0
maison,478,288879,Beja,quincaillerie,vis,Fischer,1.08,4,65,329,355.32,99.39
maison,179,93747,Jendouba,peinture,enduit,Sika,35.55,5,77,19,675.45,100.0
renovation,66,43394,Kairouan,quincaillerie,boulon,LocalBoul,2.81,2,40,22,61.82,51.72
renovation,335,115731,Zaghouan,peinture,pinceau,LocalTool,8.35,3,66,6,50.1,78.96
immeuble,451,300000,Gabes,plomberie,chauffe_eau,Atlantic,943.86,4,60,2,1887.72,3.61
immeuble,249,300000,Mahdia,isolation,mousse_isolante,Knauf,39.51,5,71,57,2252.07,100.0
immeuble,236,233283,Beja,isolation,laine_verre,LocalIso,12.23,5,82,201,2458.23,100.0
renovation,201,76854,Sfax,electricite,cable,Legrand,8.75,5,81,285,2493.75,100.0
maison,220,192986,Kairouan,revetement,joint,Sika,5.93,4,72,32,189.76,100.0
immeuble,322,174502,Gafsa,isolation,laine_roche,LocalIso,14.77,5,93,304,4490.08,100.0
renovation,415,136498,Kasserine,peinture,vernis,LocalVernis,58.88,3,44,42,2472.96,67.31
maison,378,270245,Tataouine,plomberie,chauffe_eau,LocalChauf,459.42,4,63,2,918.84,52.96
immeuble,157,145094,Medenine,maconnerie,sable,LocalSand,58.04,3,38,16,928.64,65.6
maison,175,100526,Sfax,maconnerie,parpaing,LocalBlock,3.11,3,47,453,1408.83,73.79
renovation,332,206857,Monastir,peinture,peinture_murale,Jotun,51.39,5,87,62,3186.18,100.0
renovation,467,292040,Bizerte,isolation,laine_roche,LocalIso,29.86,4,64,508,15168.88,96.21
immeuble,115,104791,Jendouba,quincaillerie,boulon,Fischer,1.29,4,94,26,33.54,100.0
maison,317,223146,Ariana,isolation,laine_roche,Rockwool,25.11,4,63,308,7733.88,96.39
maison,85,71453,Tataouine,etancheite,hydrofuge,Weber,44.65,4,62,7,312.55,94.14
renovation,444,207742,Kasserine,maconnerie,gravier,CarriereNabeul,37.25,4,64,87,3240.75,95.48
renovation,102,51526,Kasserine,maconnerie,gravier,GraviereTunis,64.93,3,49,15,973.95,68.21
renovation,138,49115,Sfax,quincaillerie,vis,Fischer,0.71,2,52,132,93.72,55.53
renovation,293,138896,Beja,etancheite,silicone,Bostik,20.58,4,63,7,144.06,96.84
maison,458,300000,Nabeul,electricite,prise,LocalElec,13.71,5,80,171,2344.41,100.0
renovation,139,60605,Ariana,peinture,vernis,LocalVernis,33.03,2,42,14,462.42,49.3
maison,452,300000,Beja,revetement,faience,FaiencePro,75.46,4,56,504,38031.84,89.25
maison,164,111134,Kairouan,etancheite,bitume,Sika,35.09,5,80,2,70.18,100.0
renovation,143,103065,Beja,electricite,disjoncteur,Legrand,71.82,4,66,2,143.64,92.62
maison,233,192371,Tunis,quincaillerie,boulon,Fischer,2.48,4,60,77,190.96,97.75
immeuble,90,77121,Sfax,maconnerie,brique,BriqueTunis,1.08,4,44,1215,1312.2,93.09
maison,483,300000,Medenine,electricite,prise,Legrand,15.18,5,74,179,2717.22,100.0
immeuble,101,130741,Zaghouan,maconnerie,sable,LocalSand,40.68,3,53,12,488.16,71.83
renovation,484,139005,Ariana,maconnerie,parpaing,ParpaingPro,2.66,3,62,1301,3460.66,78.33
immeuble,284,282745,Manouba,peinture,rouleau,OutilTunis,6.36,3,60,3,19.08,77.36
renovation,210,101160,Manouba,peinture,pinceau,PaintPro,23.12,4,49,4,92.48,92.39
maison,98,72929,Siliana,maconnerie,parpaing,Sibline,3.61,3,46,232,837.52,73.44
renovation,291,210092,Nabeul,etancheite,membrane_etanche,Sika,29.43,5,73,244,7180.92,100.0
immeuble,472,300000,Beja,electricite,prise,Schneider,28.61,4,66,150,4291.5,96.94
maison,224,125797,Zaghouan,etancheite,membrane_etanche,Bostik,27.58,3,55,199,5488.42,73.74
immeuble,104,88747,Gabes,electricite,interrupteur,Legrand,17.71,5,74,39,690.69,100.0
renovation,279,213350,Bizerte,isolation,laine_roche,Knauf,37.08,4,48,211,7823.88,90.69
maison,482,300000,Jendouba,peinture,vernis,LocalVernis,37.61,4,58,61,2294.21,93.64
renovation,435,169518,Beja,maconnerie,brique,SOTEMAIL,0.96,5,59,4951,4752.96,100.0
immeuble,411,300000,Gabes,etancheite,hydrofuge,LocalHyd,38.23,5,62,4,152.92,100.0
renovation,468,233799,Medenine,etancheite,hydrofuge,LocalHyd,29.86,3,56,7,209.02,73.81
maison,231,167377,Jendouba,revetement,marbre,SOTEMAIL,147.77,3,50,227,33543.79,60.22
immeuble,189,288472,Kairouan,menuiserie,porte,PortePro,704.84,5,71,5,3524.2,50.82
renovation,261,180723,Tataouine,maconnerie,brique,BriqueTunis,0.92,4,65,2319,2133.48,99.41
maison,433,262901,Siliana,menuiserie,fenetre,FenetrePro,710.34,3,44,21,14917.14,2.17
maison,353,230984,Tunis,etancheite,membrane_etanche,Bostik,31.33,5,78,276,8647.08,100.0
maison,158,82155,Sousse,etancheite,bitume,LocalBitume,33.48,3,53,3,100.44,72.55
maison,395,227251,Siliana,plomberie,siphon,LocalPlomb,11.11,4,74,4,44.44,100.0
maison,457,199550,Medenine,maconnerie,parpaing,ParpaingPro,2.85,3,54,1187,3382.95,75.92
renovation,350,150451,Nabeul,electricite,interrupteur,Legrand,25.48,4,59,134,3414.32,95.15
maison,408,190840,Mahdia,peinture,pinceau,PaintPro,23.49,5,70,3,70.47,100.0
immeuble,257,149477,Kairouan,etancheite,membrane_etanche,LocalMemb,30.15,2,39,177,5336.55,48.68
immeuble,83,72828,Tunis,maconnerie,sable,LocalSand,24.81,2,47,13,322.53,51.62
renovation,328,98815,Nabeul,peinture,rouleau,LocalTool,6.75,3,63,2,13.5,78.23
maison,500,300000,Gafsa,menuiserie,fenetre,AluminiumPro,413.61,5,68,25,10340.25,79.04
maison,459,300000,Nabeul,isolation,laine_roche,Rockwool,34.14,5,64,369,12597.66,100.0
immeuble,175,192468,Monastir,electricite,disjoncteur,Legrand,57.67,5,89,3,173.01,100.0
renovation,109,54273,Ben Arous,etancheite,bitume,Sika,30.72,4,84,3,92.16,100.0
renovation,283,117343,Sfax,peinture,vernis,Jotun,55.06,5,85,15,825.9,100.0
immeuble,159,194764,Gabes,peinture,enduit,Sika,24.42,5,83,15,366.3,100.0
maison,191,122765,Ben Arous,electricite,cable,Nexans,6.92,3,41,268,1854.56,71.61
renovation,449,146121,Siliana,etancheite,bitume,Bostik,32.88,3,47,7,230.16,70.81
renovation,247,136848,Monastir,electricite,cable,LocalCable,3.52,3,67,365,1284.8,79.75
renovation,297,189438,Jendouba,revetement,faience,SOTEMAIL,80.94,3,34,273,22096.62,62.11
maison,450,262766,Ben Arous,revetement,joint,Sika,23.49,4,54,53,1244.97,93.85
renovation,439,191533,Tunis,electricite,prise,Schneider,17.98,5,83,152,2732.96,100.0
immeuble,50,50722,Siliana,plomberie,robinet,IdealStandard,83.67,3,42,2,167.34,64.23
immeuble,444,300000,Tunis,maconnerie,ciment,Sibline,14.53,5,85,247,3588.91,100.0
maison,477,300000,Sfax,etancheite,hydrofuge,Weber,17.75,4,66,4,71.0,98.02
immeuble,411,300000,Kasserine,maconnerie,parpaing,Sibline,3.71,5,59,941,3491.11,100.0
renovation,52,37658,Kairouan,quincaillerie,clou,LocalClou,0.18,2,52,42,7.56,55.58
maison,382,188925,Kef,quincaillerie,cheville,Fischer,0.32,5,90,302,96.64,100.0
immeuble,362,300000,Ben Arous,quincaillerie,clou,Rawlplug,0.4,4,64,269,107.6,99.16
maison,392,300000,Jendouba,revetement,marbre,MarbreLocal,180.05,4,60,347,62477.35,80.0
maison,97,72462,Zaghouan,peinture,enduit,Weber,37.26,4,62,8,298.08,94.87
maison,358,233029,Gafsa,electricite,tableau_electrique,Hager,175.94,5,73,2,351.88,100.0
renovation,61,37732,Tataouine,peinture,enduit,LocalEnduit,49.2,2,31,6,295.2,44.38
renovation,351,182678,Kasserine,isolation,laine_roche,LocalIso,20.92,5,65,263,5501.96,100.0
renovation,361,152098,Gabes,peinture,rouleau,LocalTool,6.3,4,60,4,25.2,97.37
maison,454,229430,Tunis,menuiserie,serrure,Yale,84.77,4,55,4,339.08,88.02
renovation,125,61009,Nabeul,electricite,prise,Schneider,22.88,4,56,31,709.28,94.51
maison,431,300000,Kef,maconnerie,gravier,CarriereNabeul,65.98,5,69,46,3035.08,100.0
maison,312,233818,Medenine,etancheite,bitume,Sika,61.99,4,64,4,247.96,93.0
maison,416,300000,Monastir,etancheite,silicone,Bostik,17.3,4,65,5,86.5,97.77
maison,351,235675,Ariana,peinture,peinture_murale,Jotun,77.38,4,89,53,4101.14,98.96
maison,272,239577,Tozeur,electricite,interrupteur,Schneider,11.07,4,77,78,863.46,100.0
renovation,376,186368,Ariana,isolation,mousse_isolante,LocalMousse,34.98,4,66,40,1399.2,96.3
maison,227,112577,Ariana,plomberie,raccord,GF,36.42,3,44,9,327.78,69.56
renovation,476,239094,Mahdia,maconnerie,gravier,GraviereTunis,55.13,5,70,50,2756.5,100.0
renovation,374,230281,Kebili,etancheite,hydrofuge,Sika,46.47,4,51,6,278.82,90.65
renovation,470,246772,Tunis,plomberie,siphon,Wirquin,5.51,4,70,8,44.08,100.0
maison,250,217999,Sfax,electricite,cable,Legrand,10.93,4,61,291,3180.63,97.21
renovation,457,213760,Kairouan,revetement,carrelage,LocalCarrel,52.14,4,52,328,17101.92,90.39
maison,488,300000,Mahdia,etancheite,membrane_etanche,Sika,47.71,4,60,391,18654.61,93.23
maison,322,181218,Ben Arous,peinture,enduit,LocalEnduit,52.07,5,56,47,2447.29,100.0
maison,124,92326,Tozeur,etancheite,hydrofuge,Sika,28.86,4,84,2,57.72,100.0
maison,135,61436,Nabeul,plomberie,siphon,Geberit,21.29,4,68,7,149.03,98.27
renovation,394,126935,Mahdia,plomberie,robinet,IdealStandard,138.17,3,35,5,690.85,56.68
renovation,300,173120,Sidi Bouzid,maconnerie,parpaing,Sibline,3.6,5,57,712,2563.2,100.0
renovation,236,118112,Medenine,quincaillerie,vis,Fischer,0.91,4,71,128,116.48,100.0
renovation,57,20000,Tozeur,quincaillerie,clou,Fischer,0.09,2,70,112,10.08,60.99
immeuble,305,300000,Tozeur,maconnerie,brique,BriqueLocal,0.97,4,58,4307,4177.79,97.3
renovation,350,123306,Sfax,electricite,prise,Schneider,19.64,4,66,110,2160.4,97.84
maison,451,297524,Zaghouan,revetement,carrelage,SOTEMAIL,52.62,4,66,526,27678.12,94.54
renovation,331,123443,Jendouba,etancheite,bitume,Sika,65.93,4,66,6,395.58,93.21
maison,283,177653,Mahdia,menuiserie,porte,LocalWood,670.33,3,39,10,6703.3,4.67
immeuble,344,300000,Sousse,revetement,carrelage,LocalCarrel,28.16,4,68,260,7321.6,97.58
immeuble,278,300000,Monastir,maconnerie,brique,SOTEMAIL,0.77,5,74,3986,3069.22,100.0
immeuble,221,238635,Tataouine,plomberie,raccord,LocalPlomb,10.05,3,53,8,80.4,74.9
renovation,255,151613,Kasserine,quincaillerie,clou,LocalClou,0.21,4,55,445,93.45,96.48
maison,186,139313,Siliana,peinture,enduit,Sika,24.56,4,73,25,614.0,99.44
immeuble,54,55996,Beja,electricite,disjoncteur,Legrand,91.12,5,68,3,273.36,100.0
renovation,295,148714,Manouba,maconnerie,parpaing,LocalBlock,1.9,3,58,488,927.2,77.21
renovation,476,239664,Kasserine,quincaillerie,cheville,LocalChev,0.28,5,76,522,146.16,100.0
maison,149,79649,Jendouba,peinture,peinture_murale,LocalPaint,67.91,2,51,26,1765.66,48.51
renovation,72,20000,Tozeur,maconnerie,brique,BriqueLocal,0.76,2,47,1049,797.24,54.02
renovation,333,81587,Manouba,quincaillerie,cheville,Fischer,1.58,4,77,342,540.36,100.0
renovation,304,133090,Kasserine,maconnerie,parpaing,ParpaingPro,3.57,3,36,889,3173.73,70.44
renovation,362,261945,Kairouan,electricite,interrupteur,LocalElec,7.13,3,49,96,684.48,73.99
maison,360,252743,Gabes,peinture,enduit,Sika,51.71,4,75,51,2637.21,97.33
renovation,412,255693,Mahdia,menuiserie,fenetre,AluminiumPro,855.79,4,49,17,14548.43,9.12
immeuble,302,300000,Gabes,menuiserie,porte,MenuiserieTunis,231.32,5,75,11,2544.52,99.37
maison,91,67067,Ariana,maconnerie,parpaing,ParpaingPro,3.69,4,55,201,741.69,96.13
immeuble,376,264808,Medenine,quincaillerie,boulon,LocalBoul,2.37,5,69,154,364.98,100.0
maison,444,300000,Ben Arous,electricite,disjoncteur,Siemens,89.1,4,39,2,178.2,82.79
renovation,172,93555,Gafsa,maconnerie,brique,BriqueTunis,1.08,4,47,1807,1951.56,93.99
maison,266,179793,Tozeur,menuiserie,aluminium,AluTunis,221.78,3,46,35,7762.3,51.62
renovation,246,129457,Tozeur,maconnerie,sable,Sibline,53.99,4,59,42,2267.58,92.3
immeuble,97,124334,Tunis,etancheite,bitume,LocalBitume,55.94,3,38,5,279.7,65.81
maison,387,176754,Medenine,quincaillerie,boulon,LocalBoul,3.66,4,53,256,936.96,95.53
renovation,58,24756,Ariana,peinture,peinture_murale,Jotun,182.89,3,36,11,2011.79,52.51
immeuble,107,175654,Gabes,electricite,cable,Legrand,7.93,4,69,164,1300.52,99.91
immeuble,237,175163,Kasserine,peinture,vernis,Jotun,46.19,4,77,31,1431.89,98.48
renovation,131,68580,Bizerte,etancheite,hydrofuge,LocalHyd,40.87,2,25,4,163.48,43.41
renovation,98,70885,Sidi Bouzid,electricite,prise,LocalElec,18.8,2,39,17,319.6,49.82
maison,50,25595,Zaghouan,maconnerie,ciment,LocalCement,13.25,2,42,16,212.0,51.28
maison,180,123947,Bizerte,etancheite,silicone,LocalSil,19.72,3,49,4,78.88,72.73
renovation,121,51878,Sfax,quincaillerie,boulon,Fischer,2.8,5,96,76,212.8,100.0
immeuble,94,118092,Ben Arous,maconnerie,sable,CarriereTunis,33.54,3,61,17,570.18,74.95
maison,100,62138,Tataouine,plomberie,siphon,LocalPlomb,23.86,3,45,3,71.58,71.11
maison,212,155587,Ben Arous,plomberie,raccord,LocalPlomb,36.41,4,59,9,327.69,94.06
maison,197,99502,Beja,peinture,enduit,Sika,49.59,5,82,11,545.49,100.0
maison,315,208003,Kairouan,plomberie,tuyau,Pipelife,12.89,4,65,222,2861.58,98.21
maison,249,101835,Jendouba,peinture,pinceau,PaintPro,13.48,4,68,7,94.36,99.05
maison,340,140817,Nabeul,quincaillerie,cheville,Rawlplug,0.53,3,48,272,144.16,74.35
renovation,391,251808,Sidi Bouzid,electricite,prise,Schneider,25.2,4,54,68,1713.6,93.68
maison,248,107260,Gabes,quincaillerie,boulon,Fischer,5.4,4,65,169,912.6,98.96
renovation,178,57639,Tataouine,maconnerie,sable,CarriereTunis,26.93,3,50,49,1319.57,72.31
immeuble,64,69673,Kef,plomberie,raccord,Pipelife,24.14,3,48,9,217.26,71.99
renovation,121,55252,Medenine,etancheite,membrane_etanche,Sika,51.16,5,65,99,5064.84,100.0
renovation,228,139076,Ariana,electricite,prise,LocalElec,14.41,2,43,67,965.47,51.46
renovation,271,160378,Beja,plomberie,siphon,Wirquin,38.46,4,46,5,192.3,89.95
renovation,215,111071,Kef,quincaillerie,boulon,Rawlplug,0.98,3,70,100,98.0,80.9
renovation,398,300000,Mahdia,quincaillerie,cheville,Fischer,1.05,5,72,359,376.95,100.0
maison,63,47651,Tataouine,maconnerie,parpaing,ParpaingPro,2.39,2,37,165,394.35,50.86
maison,167,115872,Tunis,etancheite,bitume,LocalBitume,31.49,3,67,6,188.94,76.95
renovation,339,196019,Mahdia,isolation,laine_verre,LocalIso,23.33,3,57,255,5949.15,74.77
renovation,149,58180,Jendouba,plomberie,siphon,LocalPlomb,7.55,3,65,3,22.65,78.74
renovation,192,45592,Mahdia,maconnerie,ciment,Holcim,23.59,3,38,107,2524.13,69.04
immeuble,498,300000,Nabeul,plomberie,raccord,LocalPlomb,14.85,4,74,3,44.55,100.0
maison,466,300000,Bizerte,etancheite,silicone,Bostik,5.58,4,63,4,22.32,98.34
immeuble,408,300000,Zaghouan,etancheite,membrane_etanche,LocalMemb,40.11,3,49,358,14359.38,70.69
renovation,129,68461,Ariana,peinture,peinture_murale,Jotun,74.81,4,88,22,1645.82,98.92
maison,93,79728,Jendouba,plomberie,tuyau,Pipelife,8.15,3,51,41,334.15,74.48
maison,126,106937,Tataouine,maconnerie,parpaing,Sibline,2.41,3,65,227,547.07,79.26
maison,224,121729,Ariana,etancheite,silicone,Bostik,6.98,3,53,2,13.96,75.2
renovation,191,44064,Kasserine,peinture,vernis,LocalVernis,59.65,2,29,21,1252.65,42.74
renovation,288,125654,Ben Arous,electricite,tableau_electrique,Hager,254.79,4,41,2,509.58,66.82
maison,119,69593,Tozeur,quincaillerie,vis,Fischer,0.74,5,81,194,143.56,100.0
maison,499,244509,Ben Arous,plomberie,robinet,IdealStandard,135.11,4,60,2,270.22,84.49
immeuble,234,235396,Ben Arous,plomberie,robinet,LocalRobi,111.17,4,56,3,333.51,85.68
maison,468,300000,Beja,peinture,enduit,LocalEnduit,49.21,4,63,65,3198.65,93.98
immeuble,245,182407,Medenine,plomberie,robinet,LocalRobi,94.47,5,64,2,188.94,100.0
renovation,126,65257,Kasserine,peinture,enduit,LocalEnduit,58.37,3,41,11,642.07,66.46
immeuble,89,61474,Beja,electricite,cable,Legrand,2.5,5,92,134,335.0,100.0
maison,423,237510,Tunis,revetement,faience,SOTEMAIL,100.2,4,51,403,40380.6,85.28
maison,384,300000,Monastir,maconnerie,parpaing,ParpaingPro,2.8,4,71,994,2783.2,100.0
renovation,232,79805,Bizerte,quincaillerie,cheville,Rawlplug,0.51,4,57,252,128.52,97.05
maison,316,221099,Tozeur,electricite,tableau_electrique,Hager,90.02,5,84,3,270.06,100.0
immeuble,400,300000,Ben Arous,menuiserie,porte,MenuiserieTunis,519.18,5,75,9,4672.62,70.58
maison,61,32361,Nabeul,maconnerie,gravier,LocalStone,36.34,2,50,17,617.78,51.37
renovation,114,61843,Jendouba,quincaillerie,cheville,LocalChev,0.76,2,36,171,129.96,50.72
immeuble,333,280873,Kebili,electricite,interrupteur,LocalElec,13.07,4,68,62,810.34,99.09
immeuble,148,129544,Kairouan,quincaillerie,cheville,LocalChev,1.18,3,45,204,240.72,73.38
renovation,156,72447,Kebili,etancheite,bitume,LocalBitume,32.67,3,52,5,163.35,72.33
immeuble,280,300000,Tozeur,peinture,pinceau,PaintPro,11.78,3,47,2,23.56,72.92
immeuble,346,264918,Sfax,maconnerie,gravier,LocalStone,34.02,4,63,76,2585.52,95.5
renovation,418,280432,Kef,peinture,enduit,Weber,48.57,3,46,59,2865.63,68.94
renovation,92,35794,Jendouba,quincaillerie,vis,LocalVis,0.4,3,52,146,58.4,75.56
immeuble,425,300000,Monastir,menuiserie,porte,LocalWood,305.4,4,73,20,6108.0,71.36
renovation,289,203821,Beja,quincaillerie,clou,Rawlplug,0.21,4,56,504,105.84,96.78
maison,423,263060,Gabes,quincaillerie,cheville,LocalChev,0.89,4,65,315,280.35,99.41
maison,152,73820,Sousse,electricite,interrupteur,Legrand,22.38,5,79,27,604.26,100.0
maison,439,300000,Jendouba,menuiserie,porte,MenuiserieTunis,639.09,4,62,17,10864.53,34.69
immeuble,203,217762,Nabeul,peinture,peinture_murale,Jotun,139.08,4,61,19,2642.52,84.39
immeuble,169,143592,Gafsa,quincaillerie,cheville,Fischer,1.45,4,64,87,126.15,99.06
immeuble,281,300000,Manouba,isolation,mousse_isolante,LocalMousse,37.42,5,76,79,2956.18,100.0
maison,434,294943,Kairouan,maconnerie,ciment,Holcim,18.11,3,46,137,2481.07,71.99
renovation,397,224798,Ben Arous,isolation,laine_roche,LocalIso,34.42,5,65,338,11633.96,100.0
maison,68,36771,Gafsa,peinture,peinture_murale,LocalPaint,78.54,3,46,7,549.78,65.95
immeuble,241,253865,Gafsa,peinture,rouleau,OutilTunis,16.18,4,68,5,80.9,98.78
immeuble,474,300000,Ben Arous,isolation,polystyrene,Styrodur,36.12,5,68,349,12605.88,100.0
renovation,109,80506,Sfax,plomberie,chauffe_eau,LocalChauf,793.57,3,57,2,1587.14,0.0
renovation,390,125332,Jendouba,etancheite,membrane_etanche,LocalMemb,30.25,2,49,370,11192.5,51.68
maison,88,76408,Manouba,electricite,interrupteur,LocalElec,10.08,2,42,16,161.28,51.59
maison,169,127117,Beja,plomberie,tuyau,LocalPlomb,11.98,3,54,123,1473.54,75.0
maison,446,300000,Sousse,etancheite,silicone,Sika,12.05,5,84,5,60.25,100.0
maison,212,184308,Zaghouan,peinture,vernis,Jotun,35.6,4,75,28,996.8,98.94
immeuble,110,95184,Bizerte,quincaillerie,clou,LocalClou,0.29,3,49,160,46.4,74.67
renovation,420,203568,Tunis,peinture,rouleau,LocalTool,14.0,4,71,5,70.0,99.9
maison,52,31962,Nabeul,quincaillerie,clou,LocalClou,0.34,2,40,102,34.68,51.97
renovation,471,300000,Kebili,menuiserie,bois,MenuiserieTunis,204.0,4,49,67,13668.0,74.3
immeuble,366,300000,Gafsa,peinture,vernis,Ripolin,63.76,4,50,34,2167.84,88.62
immeuble,107,79855,Tunis,quincaillerie,boulon,Rawlplug,3.18,3,42,37,117.66,72.28
renovation,105,65955,Zaghouan,plomberie,raccord,LocalPlomb,14.12,2,38,8,112.96,49.99
immeuble,462,300000,Tataouine,quincaillerie,cheville,LocalChev,0.47,3,51,348,163.56,75.25
renovation,398,163486,Kebili,maconnerie,brique,BriqueLocal,0.84,4,49,5296,4448.64,94.62
maison,490,300000,Kasserine,menuiserie,serrure,Abus,95.88,4,50,4,383.52,85.41
renovation,149,75696,Sidi Bouzid,maconnerie,gravier,LocalStone,48.12,3,52,17,818.04,70.79
maison,431,281263,Sfax,electricite,interrupteur,Schneider,9.11,4,71,104,947.44,100.0
renovation,216,134961,Sidi Bouzid,plomberie,robinet,Grohe,97.32,5,85,2,194.64,100.0
renovation,220,143603,Sfax,quincaillerie,vis,Fischer,0.74,5,76,401,296.74,100.0
renovation,322,179131,Gafsa,plomberie,chauffe_eau,Atlantic,514.44,5,69,2,1028.88,69.26
immeuble,359,300000,Sousse,peinture,rouleau,LocalTool,19.07,4,51,5,95.35,93.39
renovation,161,84829,Sidi Bouzid,quincaillerie,boulon,LocalBoul,0.93,2,62,83,77.19,58.51
renovation,349,106396,Sfax,maconnerie,brique,BriqueLocal,0.66,2,38,4078,2691.48,51.33
renovation,302,97011,Gafsa,etancheite,bitume,Sika,46.25,4,65,6,277.5,94.88
maison,454,300000,Ariana,revetement,joint,Weber,5.72,5,89,24,137.28,100.0
maison,430,264965,Ariana,peinture,vernis,LocalVernis,46.04,4,51,51,2348.04,90.7
immeuble,224,212941,Medenine,quincaillerie,boulon,Rawlplug,1.52,4,64,103,156.56,99.05
maison,165,97366,Tataouine,plomberie,tuyau,Pipelife,9.68,4,70,89,861.52,100.0
maison,372,283013,Sfax,isolation,mousse_isolante,Knauf,43.88,4,56,85,3729.8,92.41
maison,176,79724,Siliana,plomberie,raccord,GF,5.16,3,59,3,15.48,77.18
maison,213,138593,Kebili,quincaillerie,vis,Rawlplug,0.87,3,42,130,113.1,72.51
maison,92,80524,Kef,peinture,peinture_murale,Jotun,148.03,4,65,13,1924.39,84.7
renovation,187,92444,Medenine,electricite,tableau_electrique,Schneider,189.9,4,64,3,569.7,80.21
maison,451,201701,Sfax,quincaillerie,vis,Rawlplug,0.18,4,71,523,94.14,100.0
renovation,321,74764,Manouba,peinture,rouleau,PaintPro,10.4,3,64,4,41.6,78.16
renovation,367,136770,Ariana,quincaillerie,vis,Fischer,0.27,4,76,641,173.07,100.0
maison,348,262723,Tunis,menuiserie,porte,LocalWood,349.99,4,59,10,3499.9,62.7
immeuble,72,52178,Sousse,plomberie,tuyau,LocalPlomb,7.09,2,52,36,255.24,54.89
immeuble,251,229090,Sousse,isolation,laine_roche,Knauf,25.75,3,45,247,6360.25,70.92
immeuble,271,292278,Manouba,plomberie,raccord,GF,10.85,4,74,9,97.65,100.0
maison,360,300000,Kebili,isolation,mousse_isolante,Sika,38.82,4,67,93,3610.26,96.22
maison,481,300000,Ariana,electricite,prise,Legrand,14.76,4,73,74,1092.24,100.0
immeuble,92,80001,Tozeur,plomberie,tuyau,Pipelife,12.79,3,44,39,498.81,71.92
maison,465,272810,Tataouine,isolation,laine_roche,LocalIso,30.96,3,41,350,10836.0,69.2
renovation,311,146307,Sousse,quincaillerie,cheville,Fischer,1.18,4,68,394,464.92,100.0
renovation,279,75462,Medenine,peinture,pinceau,OutilTunis,13.14,3,61,7,91.98,76.99
immeuble,347,300000,Ben Arous,plomberie,raccord,LocalPlomb,25.83,4,50,8,206.64,92.42
immeuble,474,300000,Kef,electricite,cable,Nexans,3.87,3,49,533,2062.71,74.31
renovation,407,144113,Kairouan,quincaillerie,boulon,Rawlplug,1.62,4,66,113,183.06,99.64
renovation,387,219013,Sousse,plomberie,robinet,LocalRobi,82.38,4,68,3,247.14,92.16
renovation,360,187291,Jendouba,quincaillerie,cheville,Fischer,1.24,5,62,313,388.12,100.0
maison,309,266553,Tozeur,quincaillerie,boulon,LocalBoul,4.37,5,65,244,1066.28,100.0
renovation,172,71227,Monastir,electricite,interrupteur,Legrand,15.5,4,57,44,682.0,95.55
maison,90,45502,Tunis,maconnerie,ciment,LocalCement,20.79,2,37,50,1039.5,49.02
renovation,469,222994,Manouba,electricite,cable,Nexans,8.78,4,60,438,3845.64,97.12
renovation,182,134731,Ben Arous,electricite,interrupteur,Schneider,16.79,5,86,36,604.44,100.0
immeuble,309,276066,Ariana,etancheite,silicone,LocalSil,21.25,3,35,6,127.5,68.38
renovation,405,223150,Beja,maconnerie,gravier,GraviereTunis,31.55,5,84,83,2618.65,100.0
immeuble,439,300000,Mahdia,isolation,laine_roche,Rockwool,45.6,5,54,264,12038.4,100.0
renovation,460,144137,Sidi Bouzid,maconnerie,brique,BriqueLocal,0.55,2,52,4878,2682.9,55.54
maison,420,286160,Gafsa,peinture,enduit,Weber,54.98,4,58,24,1319.52,91.9
immeuble,379,300000,Nabeul,quincaillerie,vis,Fischer,0.12,5,87,412,49.44,100.0
immeuble,63,68463,Sousse,plomberie,tuyau,GF,17.2,3,39,32,550.4,69.98
maison,59,38995,Ben Arous,quincaillerie,cheville,LocalChev,1.43,2,21,29,41.47,46.16
immeuble,329,269972,Kef,maconnerie,parpaing,ParpaingPro,2.14,4,77,560,1198.4,100.0
immeuble,248,282871,Siliana,menuiserie,fenetre,LocalAlu,763.99,4,57,14,10695.86,20.7
immeuble,213,275071,Ariana,peinture,vernis,LocalVernis,60.65,5,63,20,1213.0,100.0
renovation,336,155407,Gafsa,isolation,laine_verre,LocalIso,19.06,4,71,214,4078.84,99.39
renovation,419,179920,Kebili,quincaillerie,clou,Fischer,0.25,4,81,591,147.75,100.0
maison,473,276354,Manouba,quincaillerie,cheville,Rawlplug,1.2,4,49,241,289.2,94.58
maison,485,300000,Mahdia,isolation,mousse_isolante,LocalMousse,45.02,4,62,113,5087.26,94.1
immeuble,453,300000,Bizerte,peinture,peinture_murale,Ripolin,145.45,4,50,70,10181.5,80.46
immeuble,154,111363,Manouba,maconnerie,gravier,LocalStone,59.07,2,39,29,1713.03,45.79
maison,292,223053,Tozeur,peinture,vernis,LocalVernis,27.45,4,78,40,1098.0,100.0
immeuble,89,65937,Monastir,peinture,vernis,LocalVernis,50.66,2,47,7,354.62,49.03
immeuble,326,300000,Gabes,maconnerie,parpaing,ParpaingPro,4.19,4,49,620,2597.8,94.28
renovation,328,195414,Gafsa,menuiserie,aluminium,LocalAlu,210.36,3,44,39,8204.04,52.16
renovation,351,260087,Tataouine,etancheite,hydrofuge,LocalHyd,47.12,5,55,2,94.24,100.0
maison,357,300000,Kebili,quincaillerie,cheville,Fischer,0.26,4,74,474,123.24,100.0
renovation,441,138188,Sidi Bouzid,plomberie,tuyau,Pipelife,17.02,3,42,307,5225.14,70.9
immeuble,154,244609,Medenine,isolation,laine_roche,LocalIso,22.35,4,64,130,2905.5,96.96
renovation,152,69045,Gabes,quincaillerie,cheville,Rawlplug,1.09,3,47,169,184.21,73.99
maison,219,157685,Manouba,plomberie,chauffe_eau,LocalChauf,875.94,4,56,1,875.94,9.21
renovation,385,286563,Tozeur,plomberie,robinet,LocalRobi,92.69,5,76,4,370.76,100.0
maison,333,295701,Sousse,etancheite,silicone,Bostik,25.19,4,46,6,151.14,91.28
immeuble,377,300000,Gafsa,peinture,pinceau,OutilTunis,19.09,4,63,3,57.27,96.99
renovation,253,121249,Sidi Bouzid,maconnerie,ciment,LocalCement,14.58,2,39,131,1909.98,50.24
immeuble,405,300000,Sidi Bouzid,peinture,peinture_murale,Jotun,162.93,5,61,41,6680.13,100.0
maison,356,261496,Tunis,revetement,faience,LocalFaien,85.3,5,69,358,30537.4,100.0
maison,465,297655,Medenine,maconnerie,sable,Sibline,36.7,5,65,123,4514.1,100.0
maison,371,178827,Medenine,revetement,gres,LocalGres,27.51,5,70,421,11581.71,100.0
renovation,383,196728,Sousse,electricite,tableau_electrique,Schneider,80.48,4,82,1,80.48,96.55
maison,369,245774,Ariana,etancheite,hydrofuge,Sika,51.38,5,62,2,102.76,100.0
immeuble,416,300000,Sidi Bouzid,etancheite,bitume,Bostik,21.58,5,77,3,64.74,100.0
immeuble,305,253400,Kasserine,electricite,disjoncteur,Legrand,55.31,5,80,2,110.62,100.0
immeuble,220,169064,Kebili,plomberie,chauffe_eau,Ariston,365.16,4,66,2,730.32,63.28
maison,300,147438,Beja,plomberie,chauffe_eau,LocalChauf,699.99,3,58,1,699.99,7.4
immeuble,438,300000,Tataouine,peinture,pinceau,LocalTool,21.12,3,47,6,126.72,71.99
maison,487,300000,Gabes,maconnerie,sable,LocalSand,26.8,3,57,126,3376.8,74.42
maison,364,160566,Siliana,menuiserie,bois,MenuiserieTunis,97.44,5,73,48,4677.12,100.0
renovation,431,164354,Jendouba,quincaillerie,clou,LocalClou,0.48,4,63,308,147.84,98.85
renovation,434,243647,Monastir,quincaillerie,boulon,Rawlplug,3.22,5,75,321,1033.62,100.0
immeuble,171,134525,Jendouba,maconnerie,gravier,GraviereTunis,57.99,3,44,29,1681.71,67.4
maison,96,40900,Kef,quincaillerie,clou,LocalClou,0.38,2,44,95,36.1,53.16
maison,163,121815,Tozeur,plomberie,siphon,LocalPlomb,23.43,3,36,6,140.58,68.46
maison,156,73142,Siliana,electricite,disjoncteur,Schneider,59.48,4,61,1,59.48,92.35
maison,244,152865,Tozeur,peinture,peinture_murale,Ripolin,62.59,4,73,35,2190.65,95.64
maison,368,245490,Sousse,revetement,faience,LocalFaien,33.34,4,64,417,13902.78,95.87
renovation,229,113329,Tataouine,maconnerie,ciment,LocalCement,23.54,3,35,73,1718.42,68.15
immeuble,234,300000,Gafsa,plomberie,siphon,LocalPlomb,18.2,4,66,6,109.2,97.98
renovation,488,219282,Sousse,revetement,colle_carrelage,Weber,25.13,4,62,55,1382.15,96.09
immeuble,136,98769,Bizerte,peinture,rouleau,PaintPro,22.68,3,43,5,113.4,70.63
immeuble,122,94364,Siliana,etancheite,bitume,Bostik,44.63,3,41,4,178.52,67.84
immeuble,75,69988,Nabeul,etancheite,membrane_etanche,Sika,32.43,5,83,45,1459.35,100.0
renovation,389,123260,Bizerte,peinture,rouleau,LocalTool,21.15,2,34,4,84.6,48.08
renovation,229,108291,Gafsa,peinture,vernis,Jotun,63.62,5,90,30,1908.6,100.0
renovation,388,162464,Tunis,etancheite,membrane_etanche,Bostik,25.79,5,83,364,9387.56,100.0
renovation,193,122389,Siliana,peinture,rouleau,OutilTunis,15.79,3,57,2,31.58,75.52
immeuble,371,300000,Zaghouan,etancheite,bitume,Sika,40.78,5,85,3,122.34,100.0
renovation,326,103514,Nabeul,plomberie,siphon,Wirquin,10.04,3,64,4,40.16,78.2
immeuble,67,42905,Kairouan,peinture,pinceau,LocalTool,5.6,2,40,2,11.2,51.44
immeuble,93,109892,Ariana,plomberie,tuyau,GF,15.69,4,46,73,1145.37,92.23
immeuble,478,300000,Sidi Bouzid,maconnerie,sable,Sibline,60.68,4,59,97,5885.96,91.63
renovation,214,155281,Bizerte,electricite,cable,Nexans,3.83,3,61,213,815.79,77.92
immeuble,389,294989,Sousse,isolation,mousse_isolante,Sika,47.48,4,63,61,2896.28,94.15
maison,388,220982,Kasserine,etancheite,membrane_etanche,Sika,57.21,4,60,255,14588.55,92.28
maison,273,214500,Beja,plomberie,siphon,Geberit,19.9,4,65,5,99.5,97.51
immeuble,149,106829,Gafsa,quincaillerie,cheville,Fischer,0.73,4,70,150,109.5,100.0
immeuble,365,300000,Kairouan,isolation,polystyrene,Isover,10.68,5,77,277,2958.36,100.0
renovation,425,252330,Ben Arous,peinture,rouleau,OutilTunis,17.17,4,48,5,85.85,92.68
renovation,133,59351,Tataouine,plomberie,siphon,Geberit,23.61,4,65,5,118.05,97.14
immeuble,231,298862,Sfax,revetement,faience,LocalFaien,68.87,4,52,260,17906.2,88.71
maison,301,227063,Manouba,plomberie,robinet,Grohe,52.16,5,98,2,104.32,100.0
immeuble,79,93710,Beja,electricite,disjoncteur,Schneider,44.74,4,64,3,134.22,94.73
immeuble,320,300000,Gabes,etancheite,hydrofuge,Sika,50.63,5,67,4,202.52,100.0
maison,273,127215,Monastir,maconnerie,brique,SOTEMAIL,0.98,4,56,2970,2910.6,96.7
maison,429,220935,Bizerte,etancheite,membrane_etanche,LocalMemb,22.07,3,65,395,8717.65,77.29
immeuble,196,145605,Kasserine,electricite,prise,LocalElec,12.98,3,55,47,610.06,75.2
maison,136,115900,Kairouan,electricite,interrupteur,Legrand,20.27,4,61,31,628.37,96.27
renovation,458,275418,Medenine,quincaillerie,cheville,LocalChev,1.21,5,64,445,538.45,100.0
renovation,467,161517,Sidi Bouzid,revetement,faience,FaiencePro,33.09,5,85,327,10820.43,100.0
renovation,382,188527,Sousse,quincaillerie,vis,Fischer,0.59,4,68,336,198.24,100.0
maison,128,89368,Monastir,plomberie,siphon,Wirquin,38.88,4,45,6,233.28,89.61
renovation,477,300000,Ben Arous,electricite,cable,LocalCable,6.78,5,78,910,6169.8,100.0
immeuble,64,67295,Manouba,peinture,peinture_murale,LocalPaint,77.89,2,34,11,856.79,42.41
renovation,57,20000,Jendouba,quincaillerie,clou,Fischer,0.21,3,66,107,22.47,79.78
maison,190,122584,Gafsa,maconnerie,sable,LocalSand,28.74,3,68,32,919.68,77.53
maison,217,98534,Monastir,maconnerie,parpaing,LocalBlock,2.96,2,33,352,1041.92,49.6
maison,170,145485,Gabes,electricite,disjoncteur,Legrand,44.0,4,89,1,44.0,100.0
maison,249,162643,Jendouba,isolation,laine_roche,Rockwool,44.06,5,48,248,10926.88,100.0
immeuble,145,190553,Kef,etancheite,membrane_etanche,Bostik,17.23,4,65,157,2705.11,97.78
maison,405,269796,Zaghouan,electricite,cable,LocalCable,3.05,5,83,775,2363.75,100.0
maison,101,88705,Beja,plomberie,siphon,Wirquin,6.12,3,66,6,36.72,79.19
immeuble,440,300000,Sousse,revetement,faience,SOTEMAIL,49.22,5,67,515,25348.3,100.0
immeuble,59,68353,Beja,plomberie,tuyau,Pipelife,7.62,3,50,36,274.32,74.24
renovation,131,80100,Kairouan,etancheite,hydrofuge,LocalHyd,36.79,2,29,3,110.37,45.02
renovation,330,111610,Kef,electricite,disjoncteur,Schneider,72.01,4,77,3,216.03,95.9
immeuble,222,173715,Kairouan,revetement,carrelage,CarrelagePro,51.12,4,66,184,9406.08,94.69
renovation,403,167895,Jendouba,peinture,peinture_murale,Ripolin,136.08,3,52,76,10342.08,61.99
immeuble,348,274505,Kasserine,maconnerie,gravier,CarriereNabeul,43.75,5,71,98,4287.5,100.0
immeuble,183,181534,Tozeur,maconnerie,ciment,LocalCement,19.21,4,51,84,1613.64,93.38
immeuble,444,300000,Jendouba,revetement,gres,SOTEMAIL,56.13,4,71,509,28570.17,95.69
renovation,456,213378,Mahdia,peinture,enduit,Weber,37.14,4,63,37,1374.18,95.19
immeuble,290,300000,Monastir,isolation,polystyrene,LocalPoly,15.51,5,82,212,3288.12,100.0
immeuble,335,212797,Medenine,electricite,disjoncteur,Siemens,57.54,3,43,3,172.62,67.15
renovation,256,99257,Tunis,electricite,interrupteur,Schneider,11.11,4,76,41,455.51,100.0
renovation,263,182979,Sfax,etancheite,bitume,LocalBitume,55.26,4,55,7,386.82,90.97
maison,358,146618,Ariana,electricite,prise,LocalElec,7.73,3,68,77,595.21,79.63
maison,124,84680,Mahdia,electricite,prise,Schneider,25.13,4,65,30,753.9,96.99
maison,102,63134,Nabeul,quincaillerie,vis,Rawlplug,0.77,3,35,151,116.27,70.42
renovation,99,74637,Tozeur,electricite,disjoncteur,Siemens,34.84,3,50,2,69.68,71.52
maison,465,300000,Sousse,peinture,vernis,Ripolin,34.29,4,63,37,1268.73,95.47
immeuble,360,300000,Manouba,quincaillerie,boulon,Rawlplug,4.54,4,58,204,926.16,96.95
renovation,394,193880,Jendouba,etancheite,membrane_etanche,LocalMemb,29.07,4,63,274,7965.18,95.99
immeuble,103,78840,Nabeul,maconnerie,ciment,Holcim,16.7,4,67,47,784.9,98.43
immeuble,165,180528,Tozeur,etancheite,membrane_etanche,Sika,41.55,4,73,179,7437.45,97.74
immeuble,449,300000,Gafsa,peinture,enduit,Sika,43.87,5,69,62,2719.94,100.0
maison,422,225199,Tozeur,isolation,laine_verre,Isover,18.66,4,54,371,6922.86,94.33
renovation,86,41004,Kasserine,maconnerie,gravier,LocalStone,52.18,2,34,22,1147.96,44.98
maison,495,300000,Jendouba,maconnerie,parpaing,LocalBlock,2.69,4,65,1040,2797.6,99.23
maison,360,300000,Tataouine,quincaillerie,boulon,Rawlplug,1.15,4,73,263,302.45,100.0
renovation,295,227867,Tunis,quincaillerie,cheville,LocalChev,1.05,4,62,224,235.2,98.49
maison,369,300000,Manouba,isolation,laine_verre,LocalIso,10.82,5,91,323,3494.86,100.0
immeuble,456,300000,Gafsa,menuiserie,aluminium,AluTunis,267.32,3,48,26,6950.32,47.67
immeuble,326,178276,Kasserine,isolation,mousse_isolante,LocalMousse,47.63,4,52,88,4191.44,90.84
renovation,201,64174,Gafsa,etancheite,hydrofuge,LocalHyd,20.16,2,44,6,120.96,51.18
renovation,179,81499,Sidi Bouzid,etancheite,hydrofuge,Weber,39.27,4,59,6,235.62,93.77
renovation,160,84590,Kebili,quincaillerie,vis,Fischer,0.48,5,83,143,68.64,100.0
immeuble,345,300000,Bizerte,electricite,prise,Legrand,29.25,4,70,124,3627.0,98.08
immeuble,487,300000,Gafsa,electricite,cable,LocalCable,2.45,4,68,551,1349.95,100.0
immeuble,176,101638,Sousse,maconnerie,gravier,GraviereTunis,55.41,3,54,52,2881.32,70.66
renovation,378,111198,Monastir,electricite,interrupteur,Legrand,6.39,4,84,63,402.57,100.0
immeuble,74,56072,Nabeul,peinture,rouleau,OutilTunis,26.55,4,50,4,106.2,92.34
maison,360,147809,Kasserine,quincaillerie,vis,LocalVis,0.27,2,48,347,93.69,54.37
maison,86,72540,Nabeul,etancheite,hydrofuge,Sika,51.92,5,69,3,155.76,100.0
maison,398,300000,Nabeul,isolation,polystyrene,Styrodur,24.36,3,41,337,8209.32,69.86
renovation,348,136208,Manouba,electricite,cable,Legrand,3.89,4,77,438,1703.82,100.0
immeuble,363,276888,Ben Arous,menuiserie,fenetre,FenetrePro,1123.81,4,47,13,14609.53,0.0
renovation,188,86867,Manouba,quincaillerie,clou,Fischer,0.54,5,78,260,140.4,100.0
maison,123,104091,Monastir,maconnerie,parpaing,ParpaingPro,3.01,4,57,344,1035.44,96.8
renovation,460,255095,Gafsa,plomberie,tuyau,LocalPlomb,6.84,3,49,163,1114.92,74.02
renovation,188,67369,Gafsa,peinture,pinceau,LocalTool,23.59,2,37,6,141.54,48.74
immeuble,339,300000,Kef,plomberie,chauffe_eau,LocalChauf,614.51,5,66,2,1229.02,58.35
immeuble,497,300000,Gabes,etancheite,hydrofuge,LocalHyd,19.36,3,59,3,58.08,75.76
maison,398,272721,Kairouan,menuiserie,bois,LocalWood,86.22,3,60,54,4655.88,69.38
immeuble,398,300000,Monastir,isolation,laine_verre,Isover,24.35,4,56,323,7865.05,94.36
renovation,78,60242,Mahdia,quincaillerie,clou,LocalClou,0.36,3,54,70,25.2,76.16
immeuble,414,300000,Kebili,menuiserie,serrure,Abus,78.08,4,50,2,156.16,87.19
renovation,412,206567,Kasserine,menuiserie,fenetre,AluminiumPro,328.25,4,63,17,5580.25,66.08
immeuble,340,300000,Ben Arous,quincaillerie,cheville,Fischer,0.77,5,87,232,178.64,100.0
maison,93,55893,Gabes,plomberie,chauffe_eau,Atlantic,467.64,5,84,2,935.28,78.44
immeuble,462,300000,Kairouan,isolation,laine_roche,Knauf,32.08,4,46,478,15334.24,90.59
renovation,260,114092,Kasserine,quincaillerie,clou,LocalClou,0.12,2,35,318,38.16,50.49
maison,167,129539,Medenine,maconnerie,brique,BriqueTunis,0.65,4,58,1359,883.35,97.34
maison,425,300000,Sfax,menuiserie,serrure,LocalSerr,95.09,3,48,4,380.36,64.89
maison,250,130762,Sidi Bouzid,electricite,cable,LocalCable,3.09,3,48,340,1050.6,74.09
renovation,290,91532,Tozeur,etancheite,silicone,Sika,13.23,5,86,7,92.61,100.0
renovation,52,28444,Gafsa,maconnerie,parpaing,ParpaingPro,4.01,2,38,87,348.87,51.0
maison,407,186261,Tunis,revetement,joint,LocalJoint,8.47,4,66,57,482.79,98.95
renovation,310,253208,Bizerte,revetement,gres,GresPro,82.57,4,60,269,22211.33,89.74
renovation,147,40317,Beja,peinture,vernis,LocalVernis,53.47,2,47,8,427.76,48.75
maison,154,69930,Mahdia,electricite,prise,LocalElec,21.48,2,21,38,816.24,44.15
immeuble,479,300000,Nabeul,plomberie,chauffe_eau,Ariston,843.39,5,66,1,843.39,35.46
renovation,160,98075,Medenine,etancheite,bitume,Sika,51.59,4,68,4,206.36,95.24
renovation,81,31464,Jendouba,maconnerie,brique,BriqueLocal,0.72,2,36,1158,833.76,50.73
immeuble,168,274701,Gabes,electricite,interrupteur,Schneider,12.0,4,90,36,432.0,100.0
maison,205,159175,Zaghouan,menuiserie,bois,MenuiserieTunis,236.22,4,57,22,5196.84,73.48
immeuble,326,248132,Mahdia,maconnerie,brique,SOTEMAIL,0.78,5,81,3980,3104.4,100.0
immeuble,399,300000,Kasserine,etancheite,membrane_etanche,Sika,27.49,4,63,358,9841.42,96.15
renovation,402,260797,Sidi Bouzid,maconnerie,brique,SOTEMAIL,0.66,5,73,4773,3150.18,100.0
immeuble,83,80570,Nabeul,electricite,prise,Legrand,15.55,5,88,23,357.65,100.0
maison,236,102976,Gabes,maconnerie,gravier,LocalStone,48.75,3,57,34,1657.5,72.22
immeuble,461,300000,Jendouba,etancheite,hydrofuge,Sika,27.35,5,97,7,191.45,100.0
maison,328,214676,Ben Arous,plomberie,chauffe_eau,Ariston,868.85,5,61,1,868.85,31.41
immeuble,138,162095,Kairouan,etancheite,hydrofuge,Sika,28.88,4,59,3,86.64,94.81
immeuble,329,300000,Manouba,isolation,mousse_isolante,Knauf,46.74,4,47,73,3412.02,89.43
renovation,351,246027,Jendouba,maconnerie,parpaing,LocalBlock,2.58,4,55,916,2363.28,96.24
immeuble,213,194612,Gafsa,quincaillerie,vis,LocalVis,0.64,4,57,321,205.44,97.04
renovation,378,271291,Beja,menuiserie,fenetre,FenetrePro,376.75,4,65,30,11302.5,61.82
renovation,492,276393,Gabes,plomberie,raccord,Pipelife,37.67,5,61,4,150.68,100.0
maison,240,176337,Mahdia,revetement,marbre,MarbreLocal,126.05,4,69,190,23949.5,88.1
maison,485,300000,Gafsa,etancheite,silicone,Bostik,17.45,3,39,2,34.9,69.96
maison,204,92368,Kebili,electricite,prise,LocalElec,22.77,3,41,74,1684.98,70.02
renovation,406,104742,Tozeur,plomberie,tuyau,LocalPlomb,7.76,2,42,286,2219.36,51.82
immeuble,399,300000,Nabeul,etancheite,hydrofuge,LocalHyd,18.83,5,84,7,131.81,100.0
maison,388,167601,Ben Arous,revetement,carrelage,SOTEMAIL,82.96,4,43,360,29865.6,84.6
maison,421,300000,Kairouan,etancheite,membrane_etanche,Bostik,47.35,4,56,375,17756.25,92.06
maison,291,149926,Kasserine,plomberie,tuyau,LocalPlomb,8.16,2,60,118,962.88,57.18
renovation,446,222952,Sidi Bouzid,maconnerie,brique,BriqueLocal,1.06,4,51,6489,6878.34,95.19
immeuble,425,300000,Bizerte,etancheite,hydrofuge,LocalHyd,16.14,5,71,4,64.56,100.0
immeuble,169,126343,Jendouba,maconnerie,ciment,Sibline,19.1,3,55,74,1413.4,74.59
immeuble,56,65210,Medenine,peinture,peinture_murale,LocalPaint,123.42,3,52,9,1110.78,63.26
renovation,160,46271,Manouba,peinture,peinture_murale,Jotun,126.37,2,40,16,2021.92,39.36
renovation,408,167654,Ariana,menuiserie,aluminium,LocalAlu,153.06,5,70,53,8112.18,100.0
immeuble,330,300000,Tataouine,isolation,mousse_isolante,Sika,57.28,5,76,46,2634.88,100.0
immeuble,171,139594,Bizerte,etancheite,silicone,Sika,8.13,5,97,4,32.52,100.0
renovation,462,300000,Tataouine,isolation,laine_verre,Isover,20.89,4,64,430,8982.7,97.11
renovation,72,50640,Gafsa,etancheite,hydrofuge,Weber,22.85,4,73,5,114.25,99.62
maison,286,130800,Medenine,electricite,disjoncteur,Siemens,55.51,4,56,2,111.02,91.25
maison,456,270346,Medenine,revetement,colle_carrelage,Weber,21.78,4,60,28,609.84,95.82
maison,216,97057,Kebili,plomberie,robinet,Grohe,52.87,5,85,5,264.35,100.0
immeuble,395,300000,Mahdia,plomberie,robinet,LocalRobi,63.52,4,66,3,190.56,93.45
renovation,264,116447,Zaghouan,maconnerie,brique,BriqueTunis,1.02,3,37,2433,2481.66,71.0
immeuble,175,257168,Gafsa,maconnerie,parpaing,ParpaingPro,2.44,5,72,315,768.6,100.0
immeuble,68,73033,Sfax,etancheite,silicone,Bostik,5.24,4,74,3,15.72,100.0
maison,178,134807,Nabeul,electricite,disjoncteur,Legrand,37.31,4,65,3,111.93,95.77
immeuble,227,158820,Tunis,menuiserie,fenetre,LocalAlu,926.44,4,54,14,12970.16,3.56
renovation,251,132090,Kasserine,quincaillerie,clou,Fischer,0.18,4,84,450,81.0,100.0
immeuble,448,298547,Ben Arous,isolation,polystyrene,Styrodur,19.1,5,77,316,6035.6,100.0
immeuble,381,300000,Ariana,menuiserie,porte,LocalWood,278.45,4,73,10,2784.5,74.06
immeuble,407,300000,Kef,revetement,joint,LocalJoint,12.74,3,43,50,637.0,71.63
maison,326,158509,Beja,quincaillerie,vis,LocalVis,0.93,4,52,269,250.17,95.51
immeuble,484,300000,Siliana,etancheite,membrane_etanche,LocalMemb,13.79,5,81,379,5226.41,100.0
immeuble,195,102949,Siliana,maconnerie,parpaing,Sibline,2.27,3,52,548,1243.96,75.37
maison,117,83102,Sfax,quincaillerie,boulon,LocalBoul,3.27,2,33,73,238.71,49.57
immeuble,204,137707,Zaghouan,quincaillerie,clou,LocalClou,0.11,3,50,102,11.22,74.99
maison,66,58872,Gabes,electricite,interrupteur,Schneider,12.65,5,98,16,202.4,100.0
renovation,222,81125,Tunis,maconnerie,gravier,CarriereNabeul,39.02,3,55,36,1404.72,72.6
immeuble,388,300000,Manouba,maconnerie,gravier,GraviereTunis,71.02,3,42,70,4971.4,65.5
maison,181,149736,Siliana,peinture,vernis,Jotun,22.97,4,78,12,275.64,100.0
renovation,146,106444,Zaghouan,maconnerie,brique,BriqueTunis,1.24,4,48,1325,1643.0,94.28
immeuble,151,173821,Ben Arous,revetement,joint,LocalJoint,9.43,5,70,22,207.46,100.0
maison,379,252275,Tozeur,quincaillerie,vis,Fischer,0.31,5,81,544,168.64,100.0
immeuble,440,300000,Kasserine,quincaillerie,cheville,Rawlplug,1.54,4,47,865,1332.1,93.95
immeuble,241,300000,Medenine,peinture,pinceau,LocalTool,9.23,4,75,5,46.15,100.0
immeuble,196,193112,Kairouan,quincaillerie,clou,Rawlplug,0.27,4,54,354,95.58,96.17
immeuble,464,300000,Kef,plomberie,raccord,LocalPlomb,25.4,4,64,5,127.0,96.66
renovation,330,109188,Sousse,peinture,peinture_murale,LocalPaint,112.74,2,40,59,6651.66,40.73
renovation,322,74874,Beja,peinture,peinture_murale,LocalPaint,46.88,3,68,46,2156.48,75.71
maison,139,59823,Tozeur,etancheite,silicone,LocalSil,25.0,2,29,7,175.0,46.2
immeuble,122,108538,Kasserine,etancheite,silicone,Bostik,7.8,4,64,2,15.6,98.42
immeuble,52,40089,Zaghouan,quincaillerie,cheville,Fischer,0.32,3,60,93,29.76,77.97
renovation,327,235477,Kebili,revetement,gres,LocalGres,73.78,5,59,296,21838.88,100.0
immeuble,432,300000,Sfax,electricite,prise,LocalElec,15.46,3,43,84,1298.64,71.35
maison,264,145122,Nabeul,maconnerie,brique,BriqueTunis,0.87,3,59,3296,2867.52,77.61
maison,461,224700,Sidi Bouzid,revetement,marbre,MarbreTunis,113.46,3,60,408,46291.68,66.65
renovation,160,78116,Jendouba,peinture,peinture_murale,Ripolin,64.23,3,51,22,1413.06,68.88
maison,448,300000,Sidi Bouzid,menuiserie,serrure,LocalSerr,88.23,4,64,2,176.46,90.38
immeuble,152,90099,Gafsa,etancheite,membrane_etanche,LocalMemb,18.15,2,46,160,2904.0,51.98
maison,258,129621,Ariana,peinture,pinceau,OutilTunis,14.87,3,59,6,89.22,76.21
maison,150,99422,Ben Arous,etancheite,hydrofuge,Sika,45.45,4,64,7,318.15,94.66
immeuble,362,300000,Monastir,menuiserie,fenetre,LocalAlu,577.06,3,53,21,12118.26,18.19
immeuble,355,300000,Bizerte,etancheite,silicone,Sika,11.4,4,82,7,79.8,100.0
maison,466,300000,Beja,peinture,peinture_murale,LocalPaint,41.39,4,68,73,3021.47,96.26
renovation,142,86101,Siliana,electricite,disjoncteur,Siemens,24.03,4,73,3,72.09,99.5
maison,148,113532,Sfax,plomberie,chauffe_eau,LocalChauf,475.94,2,43,1,475.94,5.31
maison,80,48864,Sousse,quincaillerie,cheville,Fischer,1.37,3,62,141,193.17,78.46
renovation,384,175599,Medenine,revetement,carrelage,LocalCarrel,49.24,3,45,433,21320.92,68.58
maison,334,146744,Sidi Bouzid,electricite,prise,Legrand,22.0,4,78,132,2904.0,100.0
renovation,175,74972,Sidi Bouzid,peinture,pinceau,PaintPro,7.83,3,53,5,39.15,75.12
immeuble,381,300000,Kef,maconnerie,sable,Sibline,45.06,4,57,93,4190.58,92.59
renovation,182,58252,Tozeur,etancheite,bitume,Bostik,27.76,4,68,6,166.56,97.62
renovation,358,136282,Kef,etancheite,bitume,LocalBitume,28.79,3,60,3,86.37,75.12
maison,456,222173,Tataouine,quincaillerie,clou,Fischer,0.52,4,70,739,384.28,100.0
renovation,297,78767,Mahdia,maconnerie,sable,LocalSand,42.66,3,52,43,1834.38,71.33
immeuble,468,300000,Tataouine,peinture,rouleau,PaintPro,13.45,5,75,5,67.25,100.0
maison,353,300000,Manouba,plomberie,chauffe_eau,LocalChauf,534.31,4,67,2,1068.62,46.67
immeuble,473,300000,Sousse,peinture,vernis,LocalVernis,37.99,5,66,49,1861.51,100.0
immeuble,350,300000,Tataouine,menuiserie,porte,LocalWood,208.62,4,66,9,1877.58,78.94
immeuble,217,205890,Kairouan,revetement,marbre,SOTEMAIL,188.52,5,73,177,33368.04,100.0
renovation,487,300000,Ariana,electricite,disjoncteur,Legrand,58.34,4,56,2,116.68,90.97
renovation,232,152164,Beja,plomberie,tuyau,GF,16.77,4,58,140,2347.8,95.72
maison,170,97314,Siliana,maconnerie,parpaing,Sibline,3.32,3,55,290,962.8,76.17
immeuble,377,300000,Nabeul,plomberie,siphon,LocalPlomb,13.48,4,56,8,107.84,95.45
immeuble,198,175096,Jendouba,etancheite,membrane_etanche,Sika,34.96,5,84,161,5628.56,100.0
renovation,220,78159,Monastir,quincaillerie,clou,Rawlplug,0.28,3,50,193,54.04,74.97
maison,239,195124,Tozeur,etancheite,hydrofuge,Sika,29.5,5,86,5,147.5,100.0
maison,185,122758,Bizerte,quincaillerie,cheville,Fischer,0.67,4,81,282,188.94,100.0
renovation,53,20530,Kairouan,maconnerie,parpaing,ParpaingPro,3.03,3,45,92,278.76,73.2
maison,443,184691,Kasserine,revetement,marbre,SOTEMAIL,235.78,4,53,453,106808.34,72.32
immeuble,298,300000,Beja,revetement,marbre,MarbreLocal,92.05,3,73,348,32033.4,72.7
renovation,476,300000,Jendouba,quincaillerie,cheville,LocalChev,1.13,5,61,526,594.38,100.0
renovation,134,77545,Tataouine,etancheite,silicone,Bostik,5.31,4,77,5,26.55,100.0
maison,109,94861,Kef,plomberie,robinet,Grohe,110.49,5,80,3,331.47,100.0
immeuble,78,75807,Beja,plomberie,tuyau,GF,8.65,3,57,51,441.15,76.24
renovation,287,170930,Mahdia,plomberie,robinet,IdealStandard,99.08,5,59,3,297.24,100.0
immeuble,458,268737,Sousse,plomberie,raccord,GF,6.28,4,60,5,31.4,97.37
maison,134,66892,Sousse,maconnerie,brique,SOTEMAIL,1.09,3,51,1362,1484.58,75.19
maison,386,300000,Beja,maconnerie,parpaing,ParpaingPro,2.5,5,82,919,2297.5,100.0
renovation,233,78620,Kairouan,peinture,peinture_murale,LocalPaint,43.48,3,57,34,1478.32,72.75
maison,360,236292,Siliana,revetement,gres,GresPro,40.99,4,60,426,17461.74,93.9
maison,50,33999,Nabeul,maconnerie,parpaing,LocalBlock,2.56,2,42,76,194.56,52.34
immeuble,164,128441,Tataouine,etancheite,silicone,LocalSil,23.17,3,34,2,46.34,67.88
renovation,192,154579,Gabes,isolation,laine_roche,Rockwool,39.11,5,61,191,7470.01,100.0
maison,394,190808,Zaghouan,electricite,prise,LocalElec,19.97,5,67,129,2576.13,100.0
renovation,391,196983,Gafsa,quincaillerie,cheville,Rawlplug,0.73,3,53,319,232.87,75.83
renovation,458,214422,Kasserine,peinture,pinceau,OutilTunis,8.29,4,59,5,41.45,96.87
maison,193,169504,Ben Arous,maconnerie,sable,Sibline,42.91,4,61,49,2102.59,94.01
maison,344,153928,Zaghouan,revetement,faience,SOTEMAIL,64.94,3,42,281,18248.14,66.11
renovation,480,115242,Monastir,quincaillerie,vis,LocalVis,0.79,2,25,859,678.61,47.42
renovation,225,141801,Ben Arous,peinture,peinture_murale,LocalPaint,64.72,3,54,23,1488.56,69.73
immeuble,183,221321,Kasserine,isolation,laine_verre,Isover,27.76,5,55,200,5552.0,100.0
renovation,434,300000,Kef,electricite,disjoncteur,Legrand,85.92,5,64,1,85.92,100.0
renovation,288,147448,Ariana,plomberie,tuyau,LocalPlomb,8.75,3,47,103,901.25,73.22
maison,475,240316,Siliana,etancheite,bitume,LocalBitume,19.12,3,63,6,114.72,76.99
immeuble,102,83039,Kebili,maconnerie,brique,SOTEMAIL,1.09,4,46,1409,1535.81,93.69
renovation,116,43153,Zaghouan,maconnerie,gravier,LocalStone,36.75,3,51,21,771.75,71.62
immeuble,449,300000,Sfax,revetement,colle_carrelage,Weber,22.26,5,63,34,756.84,100.0
renovation,269,140890,Tozeur,quincaillerie,clou,Rawlplug,0.11,3,52,312,34.32,75.59
immeuble,181,257288,Tunis,plomberie,chauffe_eau,Atlantic,1224.89,5,60,2,2449.78,0.0
renovation,465,180442,Gabes,maconnerie,brique,SOTEMAIL,0.56,5,76,4809,2693.04,100.0
maison,251,122127,Bizerte,electricite,cable,LocalCable,2.72,2,53,211,573.92,55.63
immeuble,343,300000,Nabeul,isolation,laine_roche,LocalIso,20.76,5,77,247,5127.72,100.0
immeuble,157,170226,Mahdia,electricite,interrupteur,Legrand,24.73,4,74,26,642.98,99.73
maison,341,196197,Tozeur,maconnerie,parpaing,ParpaingPro,3.97,4,54,862,3422.14,95.8
immeuble,142,173094,Manouba,electricite,cable,LocalCable,3.17,3,56,132,418.44,76.48
renovation,482,143441,Siliana,etancheite,membrane_etanche,Sika,36.24,4,59,306,11089.44,94.08
immeuble,274,295684,Gafsa,plomberie,chauffe_eau,Atlantic,817.7,4,68,2,1635.4,18.63
maison,470,300000,Sousse,quincaillerie,clou,LocalClou,0.13,3,51,812,105.56,75.29
renovation,293,143440,Kef,maconnerie,brique,BriqueTunis,0.79,3,50,3002,2371.58,74.92
maison,180,108810,Zaghouan,electricite,tableau_electrique,Legrand,95.47,4,70,1,95.47,91.45
maison,460,188438,Mahdia,quincaillerie,vis,Fischer,0.61,4,73,683,416.63,100.0
immeuble,485,300000,Mahdia,electricite,prise,Legrand,15.72,5,80,146,2295.12,100.0
maison,104,58550,Medenine,etancheite,hydrofuge,Sika,51.42,4,61,4,205.68,93.16
maison,130,54685,Kebili,maconnerie,sable,CarriereTunis,62.58,4,52,38,2378.04,89.34
immeuble,365,300000,Kairouan,plomberie,raccord,GF,5.48,4,68,6,32.88,99.85
immeuble,473,300000,Zaghouan,revetement,marbre,SOTEMAIL,192.71,4,61,503,96933.13,79.03
maison,147,95103,Gafsa,maconnerie,ciment,Sibline,18.06,3,42,58,1047.48,70.79
immeuble,118,177694,Sousse,peinture,enduit,Weber,39.69,3,52,7,277.83,71.63
maison,161,72771,Tozeur,peinture,vernis,LocalVernis,68.58,3,43,19,1303.02,66.04
renovation,81,38660,Bizerte,maconnerie,sable,LocalSand,28.51,2,60,21,598.71,55.15
maison,284,231323,Monastir,quincaillerie,cheville,LocalChev,1.29,5,75,241,310.89,100.0
renovation,107,50652,Ben Arous,plomberie,chauffe_eau,Ariston,1108.69,4,53,1,1108.69,0.0
immeuble,416,300000,Manouba,plomberie,siphon,Geberit,5.79,5,72,5,28.95,100.0
immeuble,304,300000,Kebili,maconnerie,gravier,LocalStone,43.26,4,50,30,1297.8,90.67
renovation,309,141629,Gafsa,maconnerie,brique,BriqueLocal,1.01,2,46,4215,4257.15,53.7
maison,392,175925,Jendouba,plomberie,robinet,Grohe,99.34,5,84,3,298.02,100.0
immeuble,118,80411,Tozeur,plomberie,robinet,Grohe,141.23,4,61,5,706.15,84.18
immeuble,397,300000,Medenine,isolation,laine_roche,LocalIso,25.53,5,69,243,6203.79,100.0
immeuble,360,295542,Monastir,quincaillerie,boulon,LocalBoul,3.24,5,62,235,761.4,100.0
maison,399,168165,Gabes,revetement,carrelage,CarrelagePro,45.36,5,79,406,18416.16,100.0
renovation,152,75107,Mahdia,plomberie,raccord,LocalPlomb,5.96,2,52,3,17.88,55.0
renovation,439,187035,Kebili,revetement,marbre,MarbreLocal,178.51,5,59,479,85506.29,99.85
immeuble,455,300000,Gabes,etancheite,membrane_etanche,Bostik,19.09,3,53,376,7177.84,73.99
renovation,75,37804,Sidi Bouzid,maconnerie,brique,BriqueTunis,0.56,3,53,690,386.4,75.84
renovation,397,300000,Sfax,etancheite,membrane_etanche,LocalMemb,35.9,4,58,335,12026.5,93.81
renovation,143,65099,Monastir,plomberie,tuyau,Pipelife,10.04,4,53,83,833.32,94.9
maison,98,44926,Mahdia,maconnerie,parpaing,ParpaingPro,2.47,3,51,177,437.19,75.05
renovation,68,43374,Kairouan,peinture,rouleau,LocalTool,15.14,3,48,5,75.7,72.89
maison,110,59810,Zaghouan,etancheite,bitume,Sika,28.79,4,75,3,86.37,99.62
renovation,59,46959,Sidi Bouzid,peinture,enduit,LocalEnduit,28.87,2,39,7,202.09,48.81
renovation,453,226762,Kef,maconnerie,gravier,GraviereTunis,51.47,3,54,55,2830.85,71.05
maison,500,290979,Nabeul,isolation,laine_roche,Rockwool,51.73,5,56,308,15932.84,100.0
renovation,498,205576,Ben Arous,electricite,tableau_electrique,Schneider,273.17,5,66,2,546.34,92.48
maison,232,97432,Tunis,maconnerie,gravier,GraviereTunis,71.63,3,37,56,4011.28,63.94
immeuble,477,300000,Monastir,electricite,tableau_electrique,Hager,88.7,5,89,1,88.7,100.0
renovation,471,202321,Sidi Bouzid,menuiserie,fenetre,FenetrePro,377.75,4,62,31,11710.25,60.82
immeuble,261,258071,Ben Arous,revetement,gres,LocalGres,76.55,5,62,265,20285.75,100.0
maison,201,172815,Siliana,isolation,laine_roche,Knauf,21.35,4,68,177,3778.95,98.26
maison,486,300000,Beja,electricite,interrupteur,Schneider,17.36,5,79,165,2864.4,100.0
immeuble,206,214977,Sousse,maconnerie,parpaing,ParpaingPro,3.52,4,49,352,1239.04,94.35
maison,141,64285,Monastir,electricite,tableau_electrique,Schneider,246.49,5,80,1,246.49,99.35
immeuble,445,300000,Medenine,electricite,prise,Legrand,13.84,5,79,68,941.12,100.0
renovation,334,187472,Mahdia,electricite,interrupteur,Legrand,6.3,5,87,99,623.7,100.0
renovation,259,113576,Mahdia,quincaillerie,vis,Fischer,1.04,5,62,363,377.52,100.0
immeuble,191,179808,Tataouine,electricite,prise,Schneider,25.15,5,69,54,1358.1,100.0
immeuble,206,300000,Kef,menuiserie,aluminium,LocalAlu,392.81,4,44,13,5106.53,53.92
immeuble,437,300000,Manouba,maconnerie,sable,CarriereTunis,25.96,5,70,89,2310.44,100.0
maison,188,127783,Kef,plomberie,raccord,LocalPlomb,29.67,2,41,8,237.36,49.33
immeuble,109,87869,Mahdia,electricite,interrupteur,Schneider,18.67,5,73,26,485.42,100.0
renovation,485,300000,Mahdia,electricite,tableau_electrique,Legrand,251.83,4,67,2,503.66,74.92
maison,365,173895,Tozeur,electricite,prise,Schneider,19.08,4,73,83,1583.64,99.99
immeuble,441,300000,Jendouba,peinture,vernis,Jotun,46.03,5,83,59,2715.77,100.0
maison,443,243959,Manouba,revetement,joint,Weber,13.61,5,67,22,299.42,100.0
maison,491,300000,Kef,electricite,interrupteur,LocalElec,14.96,5,76,175,2618.0,100.0
maison,454,300000,Tunis,quincaillerie,boulon,LocalBoul,2.86,4,65,174,497.64,99.21
renovation,134,55040,Nabeul,electricite,cable,Nexans,8.57,3,39,196,1679.72,70.84
maison,109,62303,Kebili,peinture,enduit,Sika,21.96,5,88,8,175.68,100.0
maison,50,27698,Gafsa,maconnerie,parpaing,ParpaingPro,2.33,3,57,108,251.64,76.87
renovation,171,88465,Bizerte,electricite,prise,LocalElec,15.99,3,52,36,575.64,74.0
maison,214,191397,Siliana,quincaillerie,cheville,Rawlplug,0.7,4,70,240,168.0,100.0
maison,178,122417,Kairouan,quincaillerie,vis,Rawlplug,0.73,3,44,122,89.06,73.13
maison,237,140344,Monastir,maconnerie,brique,BriqueTunis,0.57,3,52,3254,1854.78,75.54
maison,474,300000,Monastir,plomberie,raccord,LocalPlomb,12.57,5,72,4,50.28,100.0
maison,53,32412,Gafsa,maconnerie,brique,BriqueLocal,0.94,2,36,449,422.06,50.71
renovation,466,233705,Tunis,peinture,peinture_murale,Jotun,130.64,4,57,51,6662.64,84.04
immeuble,256,183578,Gafsa,quincaillerie,clou,Rawlplug,0.24,5,69,392,94.08,100.0
renovation,150,128691,Kairouan,etancheite,hydrofuge,Sika,19.23,4,81,5,96.15,100.0
renovation,240,133715,Gabes,etancheite,bitume,LocalBitume,26.48,3,53,5,132.4,73.25
renovation,199,96592,Tunis,maconnerie,gravier,CarriereNabeul,36.16,3,62,47,1699.52,74.98
renovation,255,128425,Manouba,maconnerie,parpaing,ParpaingPro,3.83,4,53,741,2838.03,95.52
renovation,139,93474,Sousse,plomberie,robinet,IdealStandard,107.6,4,49,4,430.4,83.94
renovation,384,162496,Gafsa,quincaillerie,vis,Fischer,1.01,4,72,210,212.1,100.0
maison,136,101210,Siliana,quincaillerie,cheville,Fischer,1.55,4,59,123,190.65,97.54
maison,341,297952,Ben Arous,menuiserie,fenetre,LocalAlu,854.43,5,66,26,22215.18,34.36
immeuble,339,300000,Monastir,electricite,cable,LocalCable,4.63,3,58,633,2930.79,76.94
renovation,253,121241,Tunis,etancheite,silicone,LocalSil,6.36,3,53,2,12.72,75.26
maison,219,142686,Tataouine,peinture,vernis,Jotun,43.56,4,83,30,1306.8,100.0
immeuble,160,132933,Sousse,plomberie,robinet,LocalRobi,62.84,2,45,3,188.52,47.22
maison,351,145084,Siliana,quincaillerie,vis,LocalVis,0.61,2,32,396,241.56,49.54
immeuble,81,81971,Ariana,etancheite,membrane_etanche,Bostik,42.01,4,45,71,2982.71,89.3
immeuble,324,227822,Ariana,plomberie,tuyau,LocalPlomb,14.14,4,53,204,2884.56,94.49
immeuble,419,300000,Kasserine,quincaillerie,boulon,LocalBoul,2.99,4,64,103,307.97,98.9
maison,145,94534,Siliana,etancheite,membrane_etanche,Sika,39.45,4,68,125,4931.25,96.46
immeuble,264,300000,Gabes,electricite,cable,Legrand,6.03,5,72,504,3039.12,100.0
maison,286,125717,Kebili,maconnerie,gravier,LocalStone,42.21,2,51,37,1561.77,51.08
renovation,491,137655,Gafsa,quincaillerie,vis,Fischer,1.04,4,45,311,323.44,93.4
renovation,136,61372,Nabeul,quincaillerie,cheville,LocalChev,0.83,2,44,247,205.01,53.12
immeuble,94,74585,Beja,etancheite,membrane_etanche,LocalMemb,47.3,2,28,98,4635.4,43.67
renovation,134,91187,Gabes,peinture,vernis,LocalVernis,38.45,2,44,20,769.0,49.36
renovation,371,120874,Kairouan,maconnerie,brique,SOTEMAIL,0.6,3,66,4553,2731.8,79.74
immeuble,403,300000,Ben Arous,menuiserie,serrure,Abus,89.38,3,47,2,178.76,65.16
immeuble,86,58061,Siliana,plomberie,robinet,Grohe,138.96,4,64,2,277.92,85.3
maison,465,290424,Kef,maconnerie,gravier,CarriereNabeul,51.58,4,66,129,6653.82,94.64
renovation,404,209271,Siliana,quincaillerie,boulon,Fischer,5.76,4,53,186,1071.36,95.32
maison,365,175616,Bizerte,maconnerie,parpaing,ParpaingPro,3.17,4,56,913,2894.21,96.48
renovation,449,203922,Sousse,quincaillerie,boulon,Fischer,2.47,5,88,215,531.05,100.0
maison,244,140947,Tozeur,electricite,prise,LocalElec,7.4,2,55,46,340.4,55.76
renovation,55,29133,Beja,quincaillerie,clou,Fischer,0.39,3,44,31,12.09,73.16
renovation,54,32555,Kef,peinture,peinture_murale,Jotun,74.36,2,66,8,594.88,52.36
renovation,148,94335,Kairouan,maconnerie,brique,BriqueLocal,0.8,2,44,2114,1691.2,53.12
maison,115,77797,Medenine,quincaillerie,cheville,Rawlplug,0.75,3,52,77,57.75,75.52
immeuble,138,167393,Monastir,revetement,gres,GresPro,87.67,4,47,148,12975.16,85.33
immeuble,267,224898,Gabes,maconnerie,sable,CarriereTunis,53.64,4,49,72,3862.08,89.34
maison,68,57130,Jendouba,maconnerie,gravier,GraviereTunis,44.98,4,62,19,854.62,94.1
immeuble,121,133401,Kairouan,maconnerie,sable,Sibline,58.11,3,41,36,2091.96,66.49
immeuble,275,216207,Nabeul,etancheite,membrane_etanche,LocalMemb,33.35,4,66,205,6836.75,96.46
renovation,215,144848,Sfax,peinture,pinceau,PaintPro,6.7,3,55,7,46.9,75.83
renovation,353,123891,Sidi Bouzid,maconnerie,ciment,Sibline,23.58,3,46,142,3348.36,71.44
maison,368,213012,Medenine,isolation,laine_verre,LocalIso,14.09,5,83,347,4889.23,100.0
immeuble,214,214563,Tozeur,quincaillerie,clou,Fischer,0.23,5,85,199,45.77,100.0
renovation,52,31733,Sidi Bouzid,quincaillerie,cheville,LocalChev,0.36,3,67,32,11.52,80.06
maison,142,71573,Kairouan,peinture,pinceau,OutilTunis,15.72,3,54,2,31.44,74.63
renovation,217,161400,Ariana,etancheite,bitume,Bostik,43.96,5,64,4,175.84,100.0
maison,464,300000,Sfax,revetement,marbre,SOTEMAIL,120.59,3,60,546,65842.14,65.94
immeuble,444,300000,Ben Arous,electricite,cable,LocalCable,7.91,4,48,465,3678.15,93.61
maison,143,85554,Kasserine,electricite,interrupteur,LocalElec,5.14,3,52,36,185.04,75.09
immeuble,386,284732,Zaghouan,plomberie,robinet,Grohe,42.97,4,92,3,128.91,100.0
maison,171,98561,Sousse,electricite,cable,LocalCable,5.0,3,57,192,960.0,76.6
renovation,258,116623,Jendouba,plomberie,raccord,GF,8.66,4,66,7,60.62,98.93
immeuble,124,143394,Kairouan,peinture,peinture_murale,Ripolin,87.19,4,57,19,1656.61,88.38
maison,61,31629,Mahdia,peinture,enduit,Weber,23.89,2,42,5,119.45,50.21
immeuble,270,279406,Medenine,electricite,cable,Legrand,6.99,4,78,386,2698.14,100.0
maison,175,145637,Kebili,plomberie,chauffe_eau,LocalChauf,429.99,3,57,1,429.99,34.1
immeuble,129,155295,Sousse,etancheite,bitume,LocalBitume,35.0,3,61,7,245.0,74.8
maison,478,217298,Bizerte,etancheite,membrane_etanche,Sika,20.15,4,83,442,8906.3,100.0
renovation,231,88896,Kef,plomberie,tuyau,LocalPlomb,11.17,2,53,156,1742.52,54.78
renovation,264,145188,Jendouba,electricite,disjoncteur,Schneider,45.82,5,78,3,137.46,100.0
maison,77,34483,Kebili,maconnerie,ciment,Holcim,21.69,3,40,38,824.22,69.83
renovation,450,226758,Zaghouan,etancheite,membrane_etanche,Bostik,47.03,4,57,288,13544.64,92.4
immeuble,152,255954,Nabeul,plomberie,robinet,LocalRobi,30.84,4,70,3,92.52,97.92
renovation,405,145122,Tozeur,electricite,cable,Legrand,8.95,4,52,751,6721.45,94.7
maison,329,266628,Sousse,electricite,interrupteur,LocalElec,7.54,4,76,103,776.62,100.0
renovation,371,171394,Gabes,quincaillerie,clou,Rawlplug,0.43,4,47,608,261.44,94.06
maison,439,284943,Tataouine,etancheite,silicone,Sika,26.57,5,66,2,53.14,100.0
maison,70,48622,Bizerte,quincaillerie,vis,LocalVis,0.53,2,29,77,40.81,48.65
maison,256,105471,Gabes,maconnerie,sable,CarriereTunis,58.11,4,57,29,1685.19,91.29
renovation,69,27878,Sousse,quincaillerie,clou,Fischer,0.14,3,78,71,9.94,83.39
renovation,276,90746,Kef,maconnerie,gravier,GraviereTunis,41.83,3,56,58,2426.14,72.62
renovation,315,118528,Sidi Bouzid,etancheite,hydrofuge,Sika,24.38,4,63,4,97.52,96.46
immeuble,161,165136,Tozeur,menuiserie,serrure,Yale,70.05,4,60,4,280.2,91.0
maison,468,242920,Sousse,peinture,pinceau,PaintPro,21.22,4,44,7,148.54,91.08
maison,165,146314,Tataouine,peinture,peinture_murale,Jotun,147.03,4,54,15,2205.45,81.5
immeuble,157,184988,Kef,peinture,pinceau,LocalTool,6.46,3,64,3,19.38,78.55
maison,300,238701,Zaghouan,electricite,tableau_electrique,Legrand,181.81,4,70,1,181.81,82.82
immeuble,280,300000,Sousse,peinture,rouleau,OutilTunis,8.28,5,77,5,41.4,100.0
renovation,187,81879,Kef,plomberie,tuyau,LocalPlomb,12.88,2,48,115,1481.2,53.11
renovation,458,92134,Ariana,etancheite,membrane_etanche,LocalMemb,21.46,3,48,361,7747.06,72.25
immeuble,181,174074,Nabeul,maconnerie,gravier,GraviereTunis,70.54,4,50,47,3315.38,87.95
